-- phpMyAdmin SQL Dump
-- version 5.2.1
-- https://www.phpmyadmin.net/
--
-- Host: 127.0.0.1
-- Generation Time: May 14, 2026 at 07:50 AM
-- Server version: 10.4.32-MariaDB
-- PHP Version: 8.2.12

SET SQL_MODE = "NO_AUTO_VALUE_ON_ZERO";
START TRANSACTION;
SET time_zone = "+00:00";


/*!40101 SET @OLD_CHARACTER_SET_CLIENT=@@CHARACTER_SET_CLIENT */;
/*!40101 SET @OLD_CHARACTER_SET_RESULTS=@@CHARACTER_SET_RESULTS */;
/*!40101 SET @OLD_COLLATION_CONNECTION=@@COLLATION_CONNECTION */;
/*!40101 SET NAMES utf8mb4 */;

--
-- Database: `distribution_db`
--

-- --------------------------------------------------------

--
-- Table structure for table `dispatch_first`
--

CREATE TABLE `dispatch_first` (
  `id` int(11) NOT NULL,
  `agent_id` int(11) DEFAULT NULL,
  `city` varchar(100) DEFAULT NULL,
  `salesman_name` varchar(200) DEFAULT NULL,
  `item_id` int(11) DEFAULT NULL,
  `rate` decimal(10,2) DEFAULT 0.00,
  `quantity` int(11) DEFAULT 0,
  `amount` decimal(12,2) DEFAULT 0.00,
  `dispatch_date` date DEFAULT NULL,
  `entry_date` timestamp NOT NULL DEFAULT current_timestamp()
) ENGINE=InnoDB DEFAULT CHARSET=latin1 COLLATE=latin1_swedish_ci;

--
-- Dumping data for table `dispatch_first`
--

INSERT INTO `dispatch_first` (`id`, `agent_id`, `city`, `salesman_name`, `item_id`, `rate`, `quantity`, `amount`, `dispatch_date`, `entry_date`) VALUES
(1, 27, 'Local', 'M.Nadeem', 113, 130.00, 32, 4160.00, '2026-05-09', '2026-05-09 06:54:59'),
(2, 27, 'Local', 'M.Nadeem', 112, 165.00, 55, 9075.00, '2026-05-09', '2026-05-09 06:54:59'),
(3, 27, 'Local', 'M.Nadeem', 119, 135.00, 15, 2025.00, '2026-05-09', '2026-05-09 06:54:59'),
(4, 27, 'Local', 'M.Nadeem', 122, 135.00, 93, 12555.00, '2026-05-09', '2026-05-09 06:54:59'),
(5, 27, 'Local', 'M.Nadeem', 123, 135.00, 23, 3105.00, '2026-05-09', '2026-05-09 06:54:59'),
(6, 27, 'Local', 'M.Nadeem', 121, 86.00, 45, 3870.00, '2026-05-09', '2026-05-09 06:54:59'),
(7, 27, 'Local', 'M.Nadeem', 115, 36.00, 320, 11520.00, '2026-05-09', '2026-05-09 06:54:59'),
(8, 27, 'Local', 'M.Nadeem', 109, 108.00, 90, 9720.00, '2026-05-09', '2026-05-09 06:54:59'),
(9, 27, 'Local', 'M.Nadeem', 136, 160.00, 2, 320.00, '2026-05-09', '2026-05-09 06:54:59'),
(10, 27, 'Local', 'M.Nadeem', 137, 160.00, 10, 1600.00, '2026-05-09', '2026-05-09 06:54:59'),
(11, 27, 'Local', 'M.Nadeem', 138, 160.00, 10, 1600.00, '2026-05-09', '2026-05-09 06:54:59'),
(12, 27, 'Local', 'M.Nadeem', 139, 160.00, 5, 800.00, '2026-05-09', '2026-05-09 06:54:59'),
(13, 27, 'Local', 'M.Nadeem', 144, 135.00, 6, 810.00, '2026-05-09', '2026-05-09 06:54:59'),
(14, 27, 'Local', 'M.Nadeem', 114, 63.00, 12, 756.00, '2026-05-09', '2026-05-09 06:54:59'),
(15, 27, 'Local', 'M.Nadeem', 132, 180.00, 30, 5400.00, '2026-05-09', '2026-05-09 06:54:59'),
(16, 27, 'Local', 'M.Nadeem', 133, 90.00, 160, 14400.00, '2026-05-09', '2026-05-09 06:54:59'),
(17, 27, 'Local', 'M.Nadeem', 103, 145.00, 42, 6090.00, '2026-05-09', '2026-05-09 06:54:59'),
(18, 27, 'Local', 'M.Nadeem', 106, 270.00, 10, 2700.00, '2026-05-09', '2026-05-09 06:54:59'),
(19, 27, 'Local', 'M.Nadeem', 101, 108.00, 6, 648.00, '2026-05-09', '2026-05-09 06:54:59'),
(20, 27, 'Local', 'Muhammad Ali (Distributor)', 113, 130.00, 3, 390.00, '2026-05-09', '2026-05-09 07:29:29'),
(21, 27, 'Local', 'Muhammad Ali (Distributor)', 119, 135.00, 12, 1620.00, '2026-05-09', '2026-05-09 07:29:29'),
(22, 27, 'Local', 'Muhammad Ali (Distributor)', 122, 135.00, 125, 16875.00, '2026-05-09', '2026-05-09 07:29:29'),
(23, 27, 'Local', 'Muhammad Ali (Distributor)', 123, 135.00, 14, 1890.00, '2026-05-09', '2026-05-09 07:29:29'),
(24, 27, 'Local', 'Muhammad Ali (Distributor)', 121, 86.00, 18, 1548.00, '2026-05-09', '2026-05-09 07:29:29'),
(25, 27, 'Local', 'Muhammad Ali (Distributor)', 115, 36.00, 64, 2304.00, '2026-05-09', '2026-05-09 07:29:29'),
(26, 27, 'Local', 'Muhammad Ali (Distributor)', 116, 45.00, 48, 2160.00, '2026-05-09', '2026-05-09 07:29:29'),
(27, 27, 'Local', 'Muhammad Ali (Distributor)', 111, 200.00, 5, 1000.00, '2026-05-09', '2026-05-09 07:29:29'),
(28, 27, 'Local', 'Muhammad Ali (Distributor)', 110, 145.00, 25, 3625.00, '2026-05-09', '2026-05-09 07:29:29'),
(29, 27, 'Local', 'Muhammad Ali (Distributor)', 109, 108.00, 30, 3240.00, '2026-05-09', '2026-05-09 07:29:29'),
(30, 27, 'Local', 'Muhammad Ali (Distributor)', 131, 90.00, 4, 360.00, '2026-05-09', '2026-05-09 07:29:29'),
(31, 27, 'Local', 'Muhammad Ali (Distributor)', 136, 160.00, 3, 480.00, '2026-05-09', '2026-05-09 07:29:29'),
(32, 27, 'Local', 'Muhammad Ali (Distributor)', 137, 160.00, 3, 480.00, '2026-05-09', '2026-05-09 07:29:29'),
(33, 27, 'Local', 'Muhammad Ali (Distributor)', 138, 160.00, 3, 480.00, '2026-05-09', '2026-05-09 07:29:29'),
(34, 27, 'Local', 'Muhammad Ali (Distributor)', 139, 160.00, 3, 480.00, '2026-05-09', '2026-05-09 07:29:29'),
(35, 27, 'Local', 'Muhammad Ali (Distributor)', 135, 160.00, 3, 480.00, '2026-05-09', '2026-05-09 07:29:29'),
(36, 27, 'Local', 'Muhammad Ali (Distributor)', 144, 135.00, 12, 1620.00, '2026-05-09', '2026-05-09 07:29:29'),
(37, 27, 'Local', 'Muhammad Ali (Distributor)', 114, 63.00, 24, 1512.00, '2026-05-09', '2026-05-09 07:29:29'),
(38, 27, 'Local', 'Muhammad Ali (Distributor)', 132, 180.00, 4, 720.00, '2026-05-09', '2026-05-09 07:29:29'),
(39, 27, 'Local', 'Muhammad Ali (Distributor)', 134, 90.00, 4, 360.00, '2026-05-09', '2026-05-09 07:29:29'),
(40, 27, 'Local', 'Muhammad Ali (Distributor)', 133, 90.00, 36, 3240.00, '2026-05-09', '2026-05-09 07:29:29'),
(41, 27, 'Local', 'Muhammad Ali (Distributor)', 104, 200.00, 2, 400.00, '2026-05-09', '2026-05-09 07:29:29'),
(42, 27, 'Local', 'Muhammad Ali (Distributor)', 103, 145.00, 2, 290.00, '2026-05-09', '2026-05-09 07:29:29'),
(43, 27, 'Local', 'Muhammad Ali (Distributor)', 106, 270.00, 12, 3240.00, '2026-05-09', '2026-05-09 07:29:29'),
(44, 27, 'Local', 'Muhammad Ali (Distributor)', 101, 108.00, 2, 216.00, '2026-05-09', '2026-05-09 07:29:29'),
(45, 27, 'Local', 'Tanveer Ahmed', 113, 130.00, 5, 650.00, '2026-05-09', '2026-05-09 08:05:29'),
(46, 27, 'Local', 'Tanveer Ahmed', 112, 165.00, 18, 2970.00, '2026-05-09', '2026-05-09 08:05:29'),
(47, 27, 'Local', 'Tanveer Ahmed', 119, 135.00, 16, 2160.00, '2026-05-09', '2026-05-09 08:05:29'),
(48, 27, 'Local', 'Tanveer Ahmed', 122, 135.00, 144, 19440.00, '2026-05-09', '2026-05-09 08:05:29'),
(49, 27, 'Local', 'Tanveer Ahmed', 121, 86.00, 72, 6192.00, '2026-05-09', '2026-05-09 08:05:29'),
(50, 27, 'Local', 'Tanveer Ahmed', 115, 36.00, 160, 5760.00, '2026-05-09', '2026-05-09 08:05:29'),
(51, 27, 'Local', 'Tanveer Ahmed', 116, 45.00, 192, 8640.00, '2026-05-09', '2026-05-09 08:05:29'),
(52, 27, 'Local', 'Tanveer Ahmed', 111, 200.00, 12, 2400.00, '2026-05-09', '2026-05-09 08:05:29'),
(53, 27, 'Local', 'Tanveer Ahmed', 110, 145.00, 30, 4350.00, '2026-05-09', '2026-05-09 08:05:29'),
(54, 27, 'Local', 'Tanveer Ahmed', 109, 108.00, 60, 6480.00, '2026-05-09', '2026-05-09 08:05:29'),
(55, 27, 'Local', 'Tanveer Ahmed', 136, 160.00, 4, 640.00, '2026-05-09', '2026-05-09 08:05:29'),
(56, 27, 'Local', 'Tanveer Ahmed', 137, 160.00, 4, 640.00, '2026-05-09', '2026-05-09 08:05:29'),
(57, 27, 'Local', 'Tanveer Ahmed', 138, 160.00, 4, 640.00, '2026-05-09', '2026-05-09 08:05:29'),
(58, 27, 'Local', 'Tanveer Ahmed', 139, 160.00, 4, 640.00, '2026-05-09', '2026-05-09 08:05:29'),
(59, 27, 'Local', 'Tanveer Ahmed', 135, 160.00, 4, 640.00, '2026-05-09', '2026-05-09 08:05:29'),
(60, 27, 'Local', 'Tanveer Ahmed', 114, 63.00, 24, 1512.00, '2026-05-09', '2026-05-09 08:05:29'),
(61, 27, 'Local', 'Tanveer Ahmed', 133, 90.00, 96, 8640.00, '2026-05-09', '2026-05-09 08:05:29'),
(62, 27, 'Local', 'Tanveer Ahmed', 104, 200.00, 6, 1200.00, '2026-05-09', '2026-05-09 08:05:29'),
(63, 27, 'Local', 'Tanveer Ahmed', 103, 145.00, 5, 725.00, '2026-05-09', '2026-05-09 08:05:29'),
(64, 27, 'Local', 'Tanveer Ahmed', 106, 270.00, 8, 2160.00, '2026-05-09', '2026-05-09 08:05:29'),
(65, 27, 'Local', 'Tanveer Ahmed', 113, 130.00, 5, 650.00, '2026-05-09', '2026-05-09 08:07:30'),
(66, 27, 'Local', 'Tanveer Ahmed', 112, 165.00, 18, 2970.00, '2026-05-09', '2026-05-09 08:07:30'),
(67, 27, 'Local', 'Tanveer Ahmed', 119, 135.00, 16, 2160.00, '2026-05-09', '2026-05-09 08:07:30'),
(68, 27, 'Local', 'Tanveer Ahmed', 122, 135.00, 144, 19440.00, '2026-05-09', '2026-05-09 08:07:30'),
(69, 27, 'Local', 'Tanveer Ahmed', 121, 86.00, 72, 6192.00, '2026-05-09', '2026-05-09 08:07:31'),
(70, 27, 'Local', 'Tanveer Ahmed', 115, 36.00, 160, 5760.00, '2026-05-09', '2026-05-09 08:07:31'),
(71, 27, 'Local', 'Tanveer Ahmed', 116, 45.00, 192, 8640.00, '2026-05-09', '2026-05-09 08:07:31'),
(72, 27, 'Local', 'Tanveer Ahmed', 111, 200.00, 12, 2400.00, '2026-05-09', '2026-05-09 08:07:31'),
(73, 27, 'Local', 'Tanveer Ahmed', 110, 145.00, 30, 4350.00, '2026-05-09', '2026-05-09 08:07:31'),
(74, 27, 'Local', 'Tanveer Ahmed', 109, 108.00, 60, 6480.00, '2026-05-09', '2026-05-09 08:07:31'),
(75, 27, 'Local', 'Tanveer Ahmed', 136, 160.00, 4, 640.00, '2026-05-09', '2026-05-09 08:07:31'),
(76, 27, 'Local', 'Tanveer Ahmed', 137, 160.00, 4, 640.00, '2026-05-09', '2026-05-09 08:07:31'),
(77, 27, 'Local', 'Tanveer Ahmed', 138, 160.00, 4, 640.00, '2026-05-09', '2026-05-09 08:07:31'),
(78, 27, 'Local', 'Tanveer Ahmed', 139, 160.00, 4, 640.00, '2026-05-09', '2026-05-09 08:07:31'),
(79, 27, 'Local', 'Tanveer Ahmed', 135, 160.00, 4, 640.00, '2026-05-09', '2026-05-09 08:07:31'),
(80, 27, 'Local', 'Tanveer Ahmed', 114, 63.00, 24, 1512.00, '2026-05-09', '2026-05-09 08:07:31'),
(81, 27, 'Local', 'Tanveer Ahmed', 133, 90.00, 96, 8640.00, '2026-05-09', '2026-05-09 08:07:31'),
(82, 27, 'Local', 'Tanveer Ahmed', 104, 200.00, 6, 1200.00, '2026-05-09', '2026-05-09 08:07:31'),
(83, 27, 'Local', 'Tanveer Ahmed', 103, 145.00, 5, 725.00, '2026-05-09', '2026-05-09 08:07:31'),
(84, 27, 'Local', 'Tanveer Ahmed', 106, 270.00, 8, 2160.00, '2026-05-09', '2026-05-09 08:07:31'),
(85, 1, 'Head Office', 'M.Nadeem', 113, 130.00, 6, 780.00, '2026-05-09', '2026-05-09 12:11:09'),
(86, 1, 'Head Office', 'M.Nadeem', 110, 145.00, 42, 6090.00, '2026-05-09', '2026-05-09 12:11:09'),
(87, 1, 'Head Office', 'M.Nadeem', 109, 108.00, 90, 9720.00, '2026-05-09', '2026-05-09 12:11:09'),
(88, 1, 'Head Office', 'M.Nadeem', 108, 108.00, 32, 3456.00, '2026-05-09', '2026-05-09 12:11:09'),
(89, 1, 'Head Office', 'M.Nadeem', 106, 270.00, 10, 2700.00, '2026-05-09', '2026-05-09 12:11:09'),
(90, 1, 'Head Office', 'M.Nadeem', 105, 165.00, 55, 9075.00, '2026-05-09', '2026-05-09 12:11:09'),
(91, 1, 'Head Office', 'M.Nadeem', 115, 36.00, 320, 11520.00, '2026-05-09', '2026-05-09 12:12:39'),
(92, 1, 'Head Office', 'M.Nadeem', 114, 63.00, 12, 756.00, '2026-05-09', '2026-05-09 12:12:39'),
(93, 1, 'Head Office', 'M.Nadeem', 135, 160.00, 2, 320.00, '2026-05-09', '2026-05-09 12:15:17'),
(94, 1, 'Head Office', 'M.Nadeem', 140, 160.00, 5, 800.00, '2026-05-09', '2026-05-09 12:15:17'),
(95, 1, 'Head Office', 'M.Nadeem', 132, 180.00, 30, 5400.00, '2026-05-09', '2026-05-09 12:15:17'),
(96, 1, 'Head Office', 'M.Nadeem', 133, 90.00, 160, 14400.00, '2026-05-09', '2026-05-09 12:15:17'),
(97, 27, 'Local', 'M.Naveed Butt', 101, 108.00, 30, 3240.00, '2026-05-09', '2026-05-11 06:20:11'),
(98, 27, 'Local', 'M.Naveed Butt', 103, 145.00, 25, 3625.00, '2026-05-09', '2026-05-11 06:20:11'),
(99, 27, 'Local', 'M.Naveed Butt', 105, 165.00, 2, 330.00, '2026-05-09', '2026-05-11 06:20:11'),
(100, 27, 'Local', 'M.Naveed Butt', 114, 63.00, 12, 756.00, '2026-05-09', '2026-05-11 06:20:11'),
(101, 27, 'Local', 'M.Naveed Butt', 115, 36.00, 128, 4608.00, '2026-05-09', '2026-05-11 06:20:11'),
(102, 27, 'Local', 'M.Naveed Butt', 116, 45.00, 96, 4320.00, '2026-05-09', '2026-05-11 06:20:11'),
(103, 27, 'Local', 'M.Naveed Butt', 119, 135.00, 4, 540.00, '2026-05-09', '2026-05-11 06:20:11'),
(104, 27, 'Local', 'M.Naveed Butt', 122, 135.00, 5, 675.00, '2026-05-09', '2026-05-11 06:20:11'),
(105, 27, 'Local', 'M.Naveed Butt', 133, 90.00, 48, 4320.00, '2026-05-09', '2026-05-11 06:20:11'),
(106, 27, 'Local', 'M.Shahbaz', 109, 108.00, 55, 5940.00, '2026-05-09', '2026-05-11 06:57:59'),
(107, 27, 'Local', 'M.Shahbaz', 110, 145.00, 14, 2030.00, '2026-05-09', '2026-05-11 06:57:59'),
(108, 27, 'Local', 'M.Shahbaz', 114, 63.00, 24, 1512.00, '2026-05-09', '2026-05-11 06:57:59'),
(109, 27, 'Local', 'M.Shahbaz', 115, 36.00, 32, 1152.00, '2026-05-09', '2026-05-11 06:57:59'),
(110, 27, 'Local', 'M.Shahbaz', 116, 45.00, 168, 7560.00, '2026-05-09', '2026-05-11 06:57:59'),
(111, 27, 'Local', 'M.Shahbaz', 133, 90.00, 50, 4500.00, '2026-05-09', '2026-05-11 06:57:59'),
(112, 27, 'Local', 'M.Shahbaz', 136, 160.00, 7, 1120.00, '2026-05-09', '2026-05-11 06:57:59'),
(129, 27, 'Local', 'M.Nadeem', 139, 160.00, 5, 800.00, '2026-05-12', '2026-05-12 07:32:08'),
(135, 27, 'Local', 'M.Nadeem', 101, 108.00, 6, 648.00, '2026-05-01', '2026-05-12 07:43:46'),
(136, 27, 'Local', 'M.Nadeem', 103, 145.00, 35, 5075.00, '2026-05-01', '2026-05-12 07:43:46'),
(137, 27, 'Local', 'M.Nadeem', 106, 270.00, 10, 2700.00, '2026-05-01', '2026-05-12 07:43:46'),
(138, 27, 'Local', 'M.Nadeem', 109, 108.00, 90, 9720.00, '2026-05-01', '2026-05-12 07:43:46'),
(139, 27, 'Local', 'M.Nadeem', 112, 165.00, 55, 9075.00, '2026-05-01', '2026-05-12 07:43:46'),
(140, 27, 'Local', 'M.Nadeem', 113, 130.00, 29, 3770.00, '2026-05-01', '2026-05-12 07:43:46'),
(141, 27, 'Local', 'M.Nadeem', 114, 63.00, 12, 756.00, '2026-05-01', '2026-05-12 07:43:46'),
(142, 27, 'Local', 'M.Nadeem', 115, 36.00, 320, 11520.00, '2026-05-01', '2026-05-12 07:43:46'),
(143, 27, 'Local', 'M.Nadeem', 119, 135.00, 30, 4050.00, '2026-05-01', '2026-05-12 07:43:46'),
(144, 27, 'Local', 'M.Nadeem', 121, 86.00, 50, 4300.00, '2026-05-01', '2026-05-12 07:43:46'),
(145, 27, 'Local', 'M.Nadeem', 122, 135.00, 55, 7425.00, '2026-05-01', '2026-05-12 07:43:46'),
(146, 27, 'Local', 'M.Nadeem', 123, 135.00, 52, 7020.00, '2026-05-01', '2026-05-12 07:43:46'),
(147, 27, 'Local', 'M.Nadeem', 132, 180.00, 36, 6480.00, '2026-05-01', '2026-05-12 07:43:46'),
(148, 27, 'Local', 'M.Nadeem', 133, 90.00, 180, 16200.00, '2026-05-01', '2026-05-12 07:43:46'),
(149, 27, 'Local', 'M.Nadeem', 137, 160.00, 10, 1600.00, '2026-05-01', '2026-05-12 07:43:46'),
(150, 27, 'Local', 'M.Nadeem', 138, 160.00, 9, 1440.00, '2026-05-01', '2026-05-12 07:43:46'),
(151, 27, 'Local', 'M.Nadeem', 139, 160.00, 5, 800.00, '2026-05-01', '2026-05-12 07:43:46'),
(152, 27, 'Local', 'M.Nadeem', 144, 135.00, 6, 810.00, '2026-05-01', '2026-05-12 07:43:46'),
(153, 27, 'Local', 'M.Nadeem', 147, 75.00, 36, 2700.00, '2026-05-01', '2026-05-12 07:43:46'),
(154, 27, 'Local', 'M Ali (Dealer)', 101, 108.00, 2, 216.00, '2026-05-01', '2026-05-12 07:50:49'),
(155, 27, 'Local', 'M Ali (Dealer)', 103, 145.00, 2, 290.00, '2026-05-01', '2026-05-12 07:50:49'),
(156, 27, 'Local', 'M Ali (Dealer)', 104, 200.00, 2, 400.00, '2026-05-01', '2026-05-12 07:50:49'),
(157, 27, 'Local', 'M Ali (Dealer)', 106, 270.00, 6, 1620.00, '2026-05-01', '2026-05-12 07:50:49'),
(158, 27, 'Local', 'M Ali (Dealer)', 107, 78.00, 9, 702.00, '2026-05-01', '2026-05-12 07:50:49'),
(159, 27, 'Local', 'M Ali (Dealer)', 109, 108.00, 25, 2700.00, '2026-05-01', '2026-05-12 07:50:49'),
(160, 27, 'Local', 'M Ali (Dealer)', 110, 145.00, 21, 3045.00, '2026-05-01', '2026-05-12 07:50:49'),
(161, 27, 'Local', 'M Ali (Dealer)', 111, 200.00, 6, 1200.00, '2026-05-01', '2026-05-12 07:50:49'),
(162, 27, 'Local', 'M Ali (Dealer)', 113, 130.00, 3, 390.00, '2026-05-01', '2026-05-12 07:50:49'),
(163, 27, 'Local', 'M Ali (Dealer)', 114, 63.00, 24, 1512.00, '2026-05-01', '2026-05-12 07:50:49'),
(164, 27, 'Local', 'M Ali (Dealer)', 115, 36.00, 128, 4608.00, '2026-05-01', '2026-05-12 07:50:49'),
(165, 27, 'Local', 'M Ali (Dealer)', 116, 45.00, 120, 5400.00, '2026-05-01', '2026-05-12 07:50:49'),
(166, 27, 'Local', 'M Ali (Dealer)', 119, 135.00, 12, 1620.00, '2026-05-01', '2026-05-12 07:50:49'),
(167, 27, 'Local', 'M Ali (Dealer)', 121, 86.00, 24, 2064.00, '2026-05-01', '2026-05-12 07:50:49'),
(168, 27, 'Local', 'M Ali (Dealer)', 122, 135.00, 84, 11340.00, '2026-05-01', '2026-05-12 07:50:49'),
(169, 27, 'Local', 'M Ali (Dealer)', 123, 135.00, 14, 1890.00, '2026-05-01', '2026-05-12 07:50:49'),
(170, 27, 'Local', 'M Ali (Dealer)', 133, 90.00, 48, 4320.00, '2026-05-01', '2026-05-12 07:50:49'),
(171, 27, 'Local', 'M Ali (Dealer)', 137, 160.00, 5, 800.00, '2026-05-01', '2026-05-12 07:50:49'),
(172, 27, 'Local', 'M Ali (Dealer)', 139, 160.00, 5, 800.00, '2026-05-01', '2026-05-12 07:50:49'),
(173, 27, 'Local', 'M Ali (Dealer)', 144, 135.00, 6, 810.00, '2026-05-01', '2026-05-12 07:50:49'),
(174, 27, 'Local', 'Tanveer Ahmed', 103, 145.00, 5, 725.00, '2026-05-01', '2026-05-12 07:56:21'),
(175, 27, 'Local', 'Tanveer Ahmed', 104, 200.00, 6, 1200.00, '2026-05-01', '2026-05-12 07:56:21'),
(176, 27, 'Local', 'Tanveer Ahmed', 106, 270.00, 16, 4320.00, '2026-05-01', '2026-05-12 07:56:21'),
(177, 27, 'Local', 'Tanveer Ahmed', 109, 108.00, 120, 12960.00, '2026-05-01', '2026-05-12 07:56:21'),
(178, 27, 'Local', 'Tanveer Ahmed', 110, 145.00, 42, 6090.00, '2026-05-01', '2026-05-12 07:56:21'),
(179, 27, 'Local', 'Tanveer Ahmed', 111, 200.00, 18, 3600.00, '2026-05-01', '2026-05-12 07:56:21'),
(180, 27, 'Local', 'Tanveer Ahmed', 112, 165.00, 30, 4950.00, '2026-05-01', '2026-05-12 07:56:21'),
(181, 27, 'Local', 'Tanveer Ahmed', 113, 130.00, 4, 520.00, '2026-05-01', '2026-05-12 07:56:21'),
(182, 27, 'Local', 'Tanveer Ahmed', 114, 63.00, 26, 1638.00, '2026-05-01', '2026-05-12 07:56:21'),
(183, 27, 'Local', 'Tanveer Ahmed', 115, 36.00, 384, 13824.00, '2026-05-01', '2026-05-12 07:56:22'),
(184, 27, 'Local', 'Tanveer Ahmed', 116, 45.00, 144, 6480.00, '2026-05-01', '2026-05-12 07:56:22'),
(185, 27, 'Local', 'Tanveer Ahmed', 119, 135.00, 24, 3240.00, '2026-05-01', '2026-05-12 07:56:22'),
(186, 27, 'Local', 'Tanveer Ahmed', 121, 86.00, 65, 5590.00, '2026-05-01', '2026-05-12 07:56:22'),
(187, 27, 'Local', 'Tanveer Ahmed', 122, 135.00, 252, 34020.00, '2026-05-01', '2026-05-12 07:56:22'),
(188, 27, 'Local', 'Tanveer Ahmed', 130, 170.00, 6, 1020.00, '2026-05-01', '2026-05-12 07:56:22'),
(189, 27, 'Local', 'Tanveer Ahmed', 132, 180.00, 6, 1080.00, '2026-05-01', '2026-05-12 07:56:22'),
(190, 27, 'Local', 'Tanveer Ahmed', 133, 90.00, 144, 12960.00, '2026-05-01', '2026-05-12 07:56:22'),
(191, 27, 'Local', 'Tanveer Ahmed', 135, 160.00, 8, 1280.00, '2026-05-01', '2026-05-12 07:56:22'),
(192, 27, 'Local', 'Tanveer Ahmed', 137, 160.00, 10, 1600.00, '2026-05-01', '2026-05-12 07:56:22'),
(193, 27, 'Local', 'Tanveer Ahmed', 138, 160.00, 10, 1600.00, '2026-05-01', '2026-05-12 07:56:22'),
(194, 27, 'Local', 'Tanveer Ahmed', 139, 160.00, 10, 1600.00, '2026-05-01', '2026-05-12 07:56:22'),
(195, 27, 'Local', 'Tanveer Ahmed', 140, 160.00, 1, 160.00, '2026-05-01', '2026-05-12 07:56:22'),
(196, 27, 'Local', 'Tanveer Ahmed', 141, 160.00, 1, 160.00, '2026-05-01', '2026-05-12 07:56:22'),
(197, 27, 'Local', 'Tanveer Ahmed', 144, 135.00, 20, 2700.00, '2026-05-01', '2026-05-12 07:56:22'),
(198, 27, 'Local', 'Bariz', 109, 108.00, 40, 4320.00, '2026-05-01', '2026-05-12 08:08:57'),
(199, 27, 'Local', 'Bariz', 110, 145.00, 40, 5800.00, '2026-05-01', '2026-05-12 08:08:57'),
(200, 27, 'Local', 'Bariz', 115, 36.00, 64, 2304.00, '2026-05-01', '2026-05-12 08:08:57'),
(201, 27, 'Local', 'Bariz', 116, 45.00, 96, 4320.00, '2026-05-01', '2026-05-12 08:08:57'),
(202, 27, 'Local', 'Bariz', 122, 135.00, 10, 1350.00, '2026-05-01', '2026-05-12 08:08:57'),
(203, 27, 'Local', 'Bariz', 132, 180.00, 2, 360.00, '2026-05-01', '2026-05-12 08:08:57'),
(204, 27, 'Local', 'Bariz', 133, 90.00, 20, 1800.00, '2026-05-01', '2026-05-12 08:08:57'),
(205, 27, 'Local', 'Bariz', 135, 160.00, 1, 160.00, '2026-05-01', '2026-05-12 08:08:57'),
(206, 27, 'Local', 'Bariz', 137, 160.00, 1, 160.00, '2026-05-01', '2026-05-12 08:08:57'),
(207, 27, 'Local', 'Bariz', 138, 160.00, 1, 160.00, '2026-05-01', '2026-05-12 08:08:57'),
(208, 27, 'Local', 'Bariz', 139, 160.00, 1, 160.00, '2026-05-01', '2026-05-12 08:08:57'),
(209, 27, 'Local', 'Bariz', 140, 160.00, 1, 160.00, '2026-05-01', '2026-05-12 08:08:57'),
(210, 27, 'Local', 'Bariz', 141, 160.00, 1, 160.00, '2026-05-01', '2026-05-12 08:08:57'),
(211, 27, 'Local', 'Bariz', 144, 135.00, 12, 1620.00, '2026-05-01', '2026-05-12 08:08:57'),
(212, 27, 'Local', 'M.Naeem Akhtar', 106, 270.00, 2, 540.00, '2026-05-01', '2026-05-12 08:17:36'),
(213, 27, 'Local', 'M.Naeem Akhtar', 109, 108.00, 70, 7560.00, '2026-05-01', '2026-05-12 08:17:36'),
(214, 27, 'Local', 'M.Naeem Akhtar', 110, 145.00, 60, 8700.00, '2026-05-01', '2026-05-12 08:17:36'),
(215, 27, 'Local', 'M.Naeem Akhtar', 113, 130.00, 1, 130.00, '2026-05-01', '2026-05-12 08:17:36'),
(216, 27, 'Local', 'M.Naeem Akhtar', 114, 63.00, 10, 630.00, '2026-05-01', '2026-05-12 08:17:36'),
(217, 27, 'Local', 'M.Naeem Akhtar', 116, 45.00, 216, 9720.00, '2026-05-01', '2026-05-12 08:17:36'),
(218, 27, 'Local', 'M.Naeem Akhtar', 132, 180.00, 2, 360.00, '2026-05-01', '2026-05-12 08:17:36'),
(219, 27, 'Local', 'M.Naeem Akhtar', 133, 90.00, 70, 6300.00, '2026-05-01', '2026-05-12 08:17:36'),
(220, 27, 'Local', 'M.Naeem Akhtar', 137, 160.00, 1, 160.00, '2026-05-01', '2026-05-12 08:17:36'),
(221, 27, 'Local', 'M.Naeem Akhtar', 138, 160.00, 1, 160.00, '2026-05-01', '2026-05-12 08:17:36'),
(222, 27, 'Local', 'M.Naeem Akhtar', 139, 160.00, 2, 320.00, '2026-05-01', '2026-05-12 08:17:36'),
(223, 27, 'Local', 'M.Naeem Akhtar', 144, 135.00, 40, 5400.00, '2026-05-01', '2026-05-12 08:17:36'),
(224, 27, 'Local', 'M.Naeem Akhtar', 146, 175.00, 2, 350.00, '2026-05-01', '2026-05-12 08:17:36'),
(225, 27, 'Local', 'M.Naveed Butt', 109, 108.00, 50, 5400.00, '2026-05-01', '2026-05-12 08:22:25'),
(226, 27, 'Local', 'M.Naveed Butt', 110, 145.00, 35, 5075.00, '2026-05-01', '2026-05-12 08:22:25'),
(227, 27, 'Local', 'M.Naveed Butt', 112, 165.00, 4, 660.00, '2026-05-01', '2026-05-12 08:22:25'),
(228, 27, 'Local', 'M.Naveed Butt', 113, 130.00, 3, 390.00, '2026-05-01', '2026-05-12 08:22:25'),
(229, 27, 'Local', 'M.Naveed Butt', 115, 36.00, 128, 4608.00, '2026-05-01', '2026-05-12 08:22:25'),
(230, 27, 'Local', 'M.Naveed Butt', 116, 45.00, 96, 4320.00, '2026-05-01', '2026-05-12 08:22:25'),
(231, 27, 'Local', 'M.Naveed Butt', 119, 135.00, 5, 675.00, '2026-05-01', '2026-05-12 08:22:25'),
(232, 27, 'Local', 'M.Naveed Butt', 122, 135.00, 5, 675.00, '2026-05-01', '2026-05-12 08:22:25'),
(233, 27, 'Local', 'M.Naveed Butt', 131, 90.00, 10, 900.00, '2026-05-01', '2026-05-12 08:22:25'),
(234, 27, 'Local', 'M.Naveed Butt', 133, 90.00, 58, 5220.00, '2026-05-01', '2026-05-12 08:22:25'),
(235, 27, 'Local', 'M.Naveed Butt', 144, 135.00, 5, 675.00, '2026-05-01', '2026-05-12 08:22:25'),
(236, 27, 'Local', 'M.Shahbaz', 109, 108.00, 50, 5400.00, '2026-05-01', '2026-05-12 08:40:16'),
(237, 27, 'Local', 'M.Shahbaz', 110, 145.00, 21, 3045.00, '2026-05-01', '2026-05-12 08:40:16'),
(238, 27, 'Local', 'M.Shahbaz', 114, 63.00, 18, 1134.00, '2026-05-01', '2026-05-12 08:40:16'),
(239, 27, 'Local', 'M.Shahbaz', 115, 36.00, 160, 5760.00, '2026-05-01', '2026-05-12 08:40:16'),
(240, 27, 'Local', 'M.Shahbaz', 116, 45.00, 12, 540.00, '2026-05-01', '2026-05-12 08:40:16'),
(241, 27, 'Local', 'M.Shahbaz', 133, 90.00, 50, 4500.00, '2026-05-01', '2026-05-12 08:40:16'),
(242, 27, 'Local', 'M.Shahbaz', 137, 160.00, 1, 160.00, '2026-05-01', '2026-05-12 08:40:16'),
(243, 27, 'Local', 'M.Shahbaz', 138, 160.00, 1, 160.00, '2026-05-01', '2026-05-12 08:40:16'),
(244, 27, 'Local', 'M.Shahbaz', 139, 160.00, 1, 160.00, '2026-05-01', '2026-05-12 08:40:16'),
(245, 27, 'Local', 'M.Shahbaz', 144, 135.00, 2, 270.00, '2026-05-01', '2026-05-12 08:40:16'),
(246, 27, 'Local', 'Kashif Ali', 109, 108.00, 30, 3240.00, '2026-05-01', '2026-05-12 08:44:38'),
(247, 27, 'Local', 'Kashif Ali', 110, 145.00, 25, 3625.00, '2026-05-01', '2026-05-12 08:44:38'),
(248, 27, 'Local', 'Kashif Ali', 112, 165.00, 2, 330.00, '2026-05-01', '2026-05-12 08:44:38'),
(249, 27, 'Local', 'Kashif Ali', 114, 63.00, 15, 945.00, '2026-05-01', '2026-05-12 08:44:38'),
(250, 27, 'Local', 'Kashif Ali', 115, 36.00, 32, 1152.00, '2026-05-01', '2026-05-12 08:44:38'),
(251, 27, 'Local', 'Kashif Ali', 116, 45.00, 72, 3240.00, '2026-05-01', '2026-05-12 08:44:38'),
(252, 27, 'Local', 'Kashif Ali', 121, 86.00, 5, 430.00, '2026-05-01', '2026-05-12 08:44:38'),
(253, 27, 'Local', 'Kashif Ali', 122, 135.00, 15, 2025.00, '2026-05-01', '2026-05-12 08:44:38'),
(254, 27, 'Local', 'Kashif Ali', 133, 90.00, 35, 3150.00, '2026-05-01', '2026-05-12 08:44:38'),
(255, 27, 'Local', 'Kashif Ali', 136, 160.00, 2, 320.00, '2026-05-01', '2026-05-12 08:44:38'),
(256, 27, 'Local', 'Kashif Ali', 138, 160.00, 2, 320.00, '2026-05-01', '2026-05-12 08:44:38'),
(257, 27, 'Local', 'Kashif Ali', 139, 160.00, 5, 800.00, '2026-05-01', '2026-05-12 08:44:38'),
(258, 27, 'Local', 'Kashif Ali', 144, 135.00, 10, 1350.00, '2026-05-01', '2026-05-12 08:44:38'),
(259, 27, 'Local', 'Shounaiz', 109, 108.00, 40, 4320.00, '2026-05-01', '2026-05-12 08:51:50'),
(260, 27, 'Local', 'Shounaiz', 110, 145.00, 28, 4060.00, '2026-05-01', '2026-05-12 08:51:50'),
(261, 27, 'Local', 'Shounaiz', 112, 165.00, 8, 1320.00, '2026-05-01', '2026-05-12 08:51:50'),
(262, 27, 'Local', 'Shounaiz', 113, 130.00, 2, 260.00, '2026-05-01', '2026-05-12 08:51:50'),
(263, 27, 'Local', 'Shounaiz', 114, 63.00, 6, 378.00, '2026-05-01', '2026-05-12 08:51:50'),
(264, 27, 'Local', 'Shounaiz', 116, 45.00, 144, 6480.00, '2026-05-01', '2026-05-12 08:51:50'),
(265, 27, 'Local', 'Shounaiz', 119, 135.00, 6, 810.00, '2026-05-01', '2026-05-12 08:51:50'),
(266, 27, 'Local', 'Shounaiz', 132, 180.00, 2, 360.00, '2026-05-01', '2026-05-12 08:51:50'),
(267, 27, 'Local', 'Shounaiz', 133, 90.00, 32, 2880.00, '2026-05-01', '2026-05-12 08:51:50'),
(268, 27, 'Local', 'Shounaiz', 135, 160.00, 1, 160.00, '2026-05-01', '2026-05-12 08:51:50'),
(269, 27, 'Local', 'Shounaiz', 137, 160.00, 1, 160.00, '2026-05-01', '2026-05-12 08:51:50'),
(270, 27, 'Local', 'Shounaiz', 138, 160.00, 1, 160.00, '2026-05-01', '2026-05-12 08:51:50'),
(271, 27, 'Local', 'Shounaiz', 139, 160.00, 1, 160.00, '2026-05-01', '2026-05-12 08:51:50'),
(272, 27, 'Local', 'Shounaiz', 140, 160.00, 1, 160.00, '2026-05-01', '2026-05-12 08:51:50'),
(273, 27, 'Local', 'Shounaiz', 141, 160.00, 1, 160.00, '2026-05-01', '2026-05-12 08:51:50'),
(274, 27, 'Local', 'Shounaiz', 144, 135.00, 10, 1350.00, '2026-05-01', '2026-05-12 08:51:50'),
(275, 27, 'Local', 'Shounaiz', 145, 75.00, 4, 300.00, '2026-05-01', '2026-05-12 08:51:50'),
(276, 27, 'Local', 'Shounaiz', 146, 175.00, 3, 525.00, '2026-05-01', '2026-05-12 08:51:50'),
(277, 27, 'Local', 'M.Imran', 109, 108.00, 23, 2484.00, '2026-05-01', '2026-05-12 08:57:33'),
(278, 27, 'Local', 'M.Imran', 110, 145.00, 17, 2465.00, '2026-05-01', '2026-05-12 08:57:33'),
(279, 27, 'Local', 'M.Imran', 112, 165.00, 6, 990.00, '2026-05-01', '2026-05-12 08:57:33'),
(280, 27, 'Local', 'M.Imran', 114, 63.00, 12, 756.00, '2026-05-01', '2026-05-12 08:57:33'),
(281, 27, 'Local', 'M.Imran', 116, 45.00, 48, 2160.00, '2026-05-01', '2026-05-12 08:57:33'),
(282, 27, 'Local', 'M.Imran', 132, 180.00, 3, 540.00, '2026-05-01', '2026-05-12 08:57:33'),
(283, 27, 'Local', 'M.Imran', 133, 90.00, 40, 3600.00, '2026-05-01', '2026-05-12 08:57:33'),
(284, 27, 'Local', 'M.Imran', 135, 160.00, 2, 320.00, '2026-05-01', '2026-05-12 08:57:33'),
(285, 27, 'Local', 'M.Imran', 137, 160.00, 4, 640.00, '2026-05-01', '2026-05-12 08:57:33'),
(286, 27, 'Local', 'M.Imran', 138, 160.00, 4, 640.00, '2026-05-01', '2026-05-12 08:57:33'),
(287, 27, 'Local', 'M.Imran', 139, 160.00, 10, 1600.00, '2026-05-01', '2026-05-12 08:57:33'),
(288, 27, 'Local', 'M.Imran', 140, 160.00, 2, 320.00, '2026-05-01', '2026-05-12 08:57:33'),
(289, 27, 'Local', 'M.Imran', 141, 160.00, 2, 320.00, '2026-05-01', '2026-05-12 08:57:33'),
(290, 27, 'Local', 'M.Imran', 144, 135.00, 10, 1350.00, '2026-05-01', '2026-05-12 08:57:33'),
(291, 27, 'Local', 'M.Hafeez', 109, 108.00, 30, 3240.00, '2026-05-01', '2026-05-12 09:05:53'),
(292, 27, 'Local', 'M.Hafeez', 110, 145.00, 21, 3045.00, '2026-05-01', '2026-05-12 09:05:53'),
(293, 27, 'Local', 'M.Hafeez', 111, 200.00, 3, 600.00, '2026-05-01', '2026-05-12 09:05:53'),
(294, 27, 'Local', 'M.Hafeez', 112, 165.00, 3, 495.00, '2026-05-01', '2026-05-12 09:05:54'),
(295, 27, 'Local', 'M.Hafeez', 113, 130.00, 3, 390.00, '2026-05-01', '2026-05-12 09:05:54'),
(296, 27, 'Local', 'M.Hafeez', 114, 63.00, 20, 1260.00, '2026-05-01', '2026-05-12 09:05:54'),
(297, 27, 'Local', 'M.Hafeez', 116, 45.00, 120, 5400.00, '2026-05-01', '2026-05-12 09:05:54'),
(298, 27, 'Local', 'M.Hafeez', 119, 135.00, 4, 540.00, '2026-05-01', '2026-05-12 09:05:54'),
(299, 27, 'Local', 'M.Hafeez', 122, 135.00, 15, 2025.00, '2026-05-01', '2026-05-12 09:05:54'),
(300, 27, 'Local', 'M.Hafeez', 123, 135.00, 15, 2025.00, '2026-05-01', '2026-05-12 09:05:54'),
(301, 27, 'Local', 'M.Hafeez', 132, 180.00, 2, 360.00, '2026-05-01', '2026-05-12 09:05:54'),
(302, 27, 'Local', 'M.Hafeez', 133, 90.00, 25, 2250.00, '2026-05-01', '2026-05-12 09:05:54'),
(303, 27, 'Local', 'M.Hafeez', 137, 160.00, 2, 320.00, '2026-05-01', '2026-05-12 09:05:54'),
(304, 27, 'Local', 'M.Hafeez', 138, 160.00, 2, 320.00, '2026-05-01', '2026-05-12 09:05:54'),
(305, 27, 'Local', 'M.Hafeez', 139, 160.00, 10, 1600.00, '2026-05-01', '2026-05-12 09:05:54'),
(306, 27, 'Local', 'M.Hafeez', 144, 135.00, 6, 810.00, '2026-05-01', '2026-05-12 09:05:54'),
(307, 27, 'Local', 'Muneeb', 106, 270.00, 2, 540.00, '2026-05-01', '2026-05-12 09:19:48'),
(308, 27, 'Local', 'Muneeb', 109, 108.00, 20, 2160.00, '2026-05-01', '2026-05-12 09:19:48'),
(309, 27, 'Local', 'Muneeb', 110, 145.00, 15, 2175.00, '2026-05-01', '2026-05-12 09:19:48'),
(310, 27, 'Local', 'Muneeb', 112, 165.00, 6, 990.00, '2026-05-01', '2026-05-12 09:19:48'),
(311, 27, 'Local', 'Muneeb', 113, 130.00, 2, 260.00, '2026-05-01', '2026-05-12 09:19:48'),
(312, 27, 'Local', 'Muneeb', 114, 63.00, 24, 1512.00, '2026-05-01', '2026-05-12 09:19:48'),
(313, 27, 'Local', 'Muneeb', 116, 45.00, 96, 4320.00, '2026-05-01', '2026-05-12 09:19:48'),
(314, 27, 'Local', 'Muneeb', 119, 135.00, 2, 270.00, '2026-05-01', '2026-05-12 09:19:48'),
(315, 27, 'Local', 'Muneeb', 122, 135.00, 2, 270.00, '2026-05-01', '2026-05-12 09:19:48'),
(316, 27, 'Local', 'Muneeb', 131, 90.00, 3, 270.00, '2026-05-01', '2026-05-12 09:19:48'),
(317, 27, 'Local', 'Muneeb', 133, 90.00, 30, 2700.00, '2026-05-01', '2026-05-12 09:19:48'),
(318, 27, 'Local', 'Muneeb', 134, 90.00, 3, 270.00, '2026-05-01', '2026-05-12 09:19:48'),
(319, 27, 'Local', 'Muneeb', 135, 160.00, 1, 160.00, '2026-05-01', '2026-05-12 09:19:48'),
(320, 27, 'Local', 'Muneeb', 137, 160.00, 1, 160.00, '2026-05-01', '2026-05-12 09:19:48'),
(321, 27, 'Local', 'Muneeb', 138, 160.00, 1, 160.00, '2026-05-01', '2026-05-12 09:19:48'),
(322, 27, 'Local', 'Muneeb', 139, 160.00, 6, 960.00, '2026-05-01', '2026-05-12 09:19:48'),
(323, 27, 'Local', 'Muneeb', 140, 160.00, 1, 160.00, '2026-05-01', '2026-05-12 09:19:48'),
(324, 27, 'Local', 'Muneeb', 141, 160.00, 1, 160.00, '2026-05-01', '2026-05-12 09:19:48'),
(325, 27, 'Local', 'Muneeb', 144, 135.00, 8, 1080.00, '2026-05-01', '2026-05-12 09:19:48'),
(326, 27, 'Local', 'Muhammad Yaqoob', 109, 108.00, 25, 2700.00, '2026-05-01', '2026-05-12 09:28:57'),
(327, 27, 'Local', 'Muhammad Yaqoob', 110, 145.00, 20, 2900.00, '2026-05-01', '2026-05-12 09:28:57'),
(328, 27, 'Local', 'Muhammad Yaqoob', 112, 165.00, 4, 660.00, '2026-05-01', '2026-05-12 09:28:57'),
(329, 27, 'Local', 'Muhammad Yaqoob', 114, 63.00, 36, 2268.00, '2026-05-01', '2026-05-12 09:28:57'),
(330, 27, 'Local', 'Muhammad Yaqoob', 115, 36.00, 12, 432.00, '2026-05-01', '2026-05-12 09:28:57'),
(331, 27, 'Local', 'Muhammad Yaqoob', 116, 45.00, 168, 7560.00, '2026-05-01', '2026-05-12 09:28:57'),
(332, 27, 'Local', 'Muhammad Yaqoob', 132, 180.00, 12, 2160.00, '2026-05-01', '2026-05-12 09:28:57'),
(333, 27, 'Local', 'Muhammad Yaqoob', 133, 90.00, 30, 2700.00, '2026-05-01', '2026-05-12 09:28:57'),
(334, 27, 'Local', 'Muhammad Yaqoob', 135, 160.00, 2, 320.00, '2026-05-01', '2026-05-12 09:28:57'),
(335, 27, 'Local', 'Muhammad Yaqoob', 137, 160.00, 2, 320.00, '2026-05-01', '2026-05-12 09:28:57'),
(336, 27, 'Local', 'Muhammad Yaqoob', 138, 160.00, 2, 320.00, '2026-05-01', '2026-05-12 09:28:57'),
(337, 27, 'Local', 'Muhammad Yaqoob', 139, 160.00, 2, 320.00, '2026-05-01', '2026-05-12 09:28:57'),
(338, 27, 'Local', 'Muhammad Yaqoob', 140, 160.00, 2, 320.00, '2026-05-01', '2026-05-12 09:28:57'),
(339, 27, 'Local', 'Muhammad Yaqoob', 141, 160.00, 2, 320.00, '2026-05-01', '2026-05-12 09:28:57'),
(340, 27, 'Local', 'Muhammad Yaqoob', 144, 135.00, 6, 810.00, '2026-05-01', '2026-05-12 09:28:57'),
(341, 27, 'Local', 'Mujeeb', 101, 108.00, 10, 1080.00, '2026-05-01', '2026-05-12 09:35:23'),
(342, 27, 'Local', 'Mujeeb', 103, 145.00, 3, 435.00, '2026-05-01', '2026-05-12 09:35:23'),
(343, 27, 'Local', 'Mujeeb', 106, 270.00, 6, 1620.00, '2026-05-01', '2026-05-12 09:35:23'),
(344, 27, 'Local', 'Mujeeb', 109, 108.00, 10, 1080.00, '2026-05-01', '2026-05-12 09:35:23'),
(345, 27, 'Local', 'Mujeeb', 110, 145.00, 5, 725.00, '2026-05-01', '2026-05-12 09:35:23'),
(346, 27, 'Local', 'Mujeeb', 112, 165.00, 4, 660.00, '2026-05-01', '2026-05-12 09:35:23'),
(347, 27, 'Local', 'Mujeeb', 113, 130.00, 4, 520.00, '2026-05-01', '2026-05-12 09:35:23'),
(348, 27, 'Local', 'Mujeeb', 114, 63.00, 24, 1512.00, '2026-05-01', '2026-05-12 09:35:23'),
(349, 27, 'Local', 'Mujeeb', 116, 45.00, 96, 4320.00, '2026-05-01', '2026-05-12 09:35:23'),
(350, 27, 'Local', 'Mujeeb', 119, 135.00, 10, 1350.00, '2026-05-01', '2026-05-12 09:35:23'),
(351, 27, 'Local', 'Mujeeb', 121, 86.00, 9, 774.00, '2026-05-01', '2026-05-12 09:35:23'),
(352, 27, 'Local', 'Mujeeb', 122, 135.00, 10, 1350.00, '2026-05-01', '2026-05-12 09:35:23'),
(353, 27, 'Local', 'Mujeeb', 130, 170.00, 3, 510.00, '2026-05-01', '2026-05-12 09:35:23'),
(354, 27, 'Local', 'Mujeeb', 132, 180.00, 3, 540.00, '2026-05-01', '2026-05-12 09:35:23'),
(355, 27, 'Local', 'Mujeeb', 133, 90.00, 10, 900.00, '2026-05-01', '2026-05-12 09:35:23'),
(356, 27, 'Local', 'Mujeeb', 137, 160.00, 1, 160.00, '2026-05-01', '2026-05-12 09:35:23'),
(357, 27, 'Local', 'Mujeeb', 138, 160.00, 1, 160.00, '2026-05-01', '2026-05-12 09:35:23'),
(358, 27, 'Local', 'Mujeeb', 139, 160.00, 4, 640.00, '2026-05-01', '2026-05-12 09:35:23'),
(359, 27, 'Local', 'Mujeeb', 146, 175.00, 5, 875.00, '2026-05-01', '2026-05-12 09:35:23'),
(360, 27, 'Local', 'M.Nadeem', 103, 145.00, 10, 1450.00, '2026-05-02', '2026-05-13 09:05:19'),
(361, 27, 'Local', 'M.Nadeem', 104, 200.00, 2, 400.00, '2026-05-02', '2026-05-13 09:05:19'),
(362, 27, 'Local', 'M.Nadeem', 106, 270.00, 2, 540.00, '2026-05-02', '2026-05-13 09:05:19'),
(363, 27, 'Local', 'M.Nadeem', 109, 108.00, 108, 11664.00, '2026-05-02', '2026-05-13 09:05:19'),
(364, 27, 'Local', 'M.Nadeem', 110, 145.00, 6, 870.00, '2026-05-02', '2026-05-13 09:05:19'),
(365, 27, 'Local', 'M.Nadeem', 111, 200.00, 3, 600.00, '2026-05-02', '2026-05-13 09:05:19'),
(366, 27, 'Local', 'M.Nadeem', 112, 165.00, 57, 9405.00, '2026-05-02', '2026-05-13 09:05:19'),
(367, 27, 'Local', 'M.Nadeem', 113, 130.00, 8, 1040.00, '2026-05-02', '2026-05-13 09:05:19'),
(368, 27, 'Local', 'M.Nadeem', 115, 36.00, 480, 17280.00, '2026-05-02', '2026-05-13 09:05:19'),
(369, 27, 'Local', 'M.Nadeem', 119, 135.00, 20, 2700.00, '2026-05-02', '2026-05-13 09:05:19'),
(370, 27, 'Local', 'M.Nadeem', 121, 86.00, 5, 430.00, '2026-05-02', '2026-05-13 09:05:19'),
(371, 27, 'Local', 'M.Nadeem', 122, 135.00, 21, 2835.00, '2026-05-02', '2026-05-13 09:05:19'),
(372, 27, 'Local', 'M.Nadeem', 123, 135.00, 70, 9450.00, '2026-05-02', '2026-05-13 09:05:19'),
(373, 27, 'Local', 'M.Nadeem', 132, 180.00, 35, 6300.00, '2026-05-02', '2026-05-13 09:05:19'),
(374, 27, 'Local', 'M.Nadeem', 133, 90.00, 240, 21600.00, '2026-05-02', '2026-05-13 09:05:19'),
(375, 27, 'Local', 'M.Nadeem', 137, 160.00, 2, 320.00, '2026-05-02', '2026-05-13 09:05:19'),
(376, 27, 'Local', 'M.Nadeem', 139, 160.00, 2, 320.00, '2026-05-02', '2026-05-13 09:05:19'),
(377, 27, 'Local', 'M.Nadeem', 144, 135.00, 23, 3105.00, '2026-05-02', '2026-05-13 09:05:19'),
(378, 27, 'Local', 'Mujeeb', 103, 145.00, 4, 580.00, '2026-05-02', '2026-05-13 09:11:46'),
(379, 27, 'Local', 'Mujeeb', 104, 200.00, 2, 400.00, '2026-05-02', '2026-05-13 09:11:46'),
(380, 27, 'Local', 'Mujeeb', 116, 45.00, 48, 2160.00, '2026-05-02', '2026-05-13 09:11:46'),
(381, 27, 'Local', 'Mujeeb', 119, 135.00, 10, 1350.00, '2026-05-02', '2026-05-13 09:11:46'),
(382, 27, 'Local', 'Mujeeb', 122, 135.00, 10, 1350.00, '2026-05-02', '2026-05-13 09:11:46'),
(383, 27, 'Local', 'Mujeeb', 130, 170.00, 3, 510.00, '2026-05-02', '2026-05-13 09:11:46'),
(384, 27, 'Local', 'Mujeeb', 132, 180.00, 3, 540.00, '2026-05-02', '2026-05-13 09:11:46'),
(385, 27, 'Local', 'Mujeeb', 133, 90.00, 15, 1350.00, '2026-05-02', '2026-05-13 09:11:46'),
(386, 27, 'Local', 'Mujeeb', 136, 160.00, 2, 320.00, '2026-05-02', '2026-05-13 09:11:46'),
(387, 27, 'Local', 'Mujeeb', 137, 160.00, 2, 320.00, '2026-05-02', '2026-05-13 09:11:46'),
(388, 27, 'Local', 'Mujeeb', 138, 160.00, 2, 320.00, '2026-05-02', '2026-05-13 09:11:46'),
(389, 27, 'Local', 'Mujeeb', 139, 160.00, 6, 960.00, '2026-05-02', '2026-05-13 09:11:46'),
(390, 27, 'Local', 'M Ali (Dealer)', 101, 108.00, 2, 216.00, '2026-05-02', '2026-05-13 09:19:47'),
(391, 27, 'Local', 'M Ali (Dealer)', 103, 145.00, 2, 290.00, '2026-05-02', '2026-05-13 09:19:47'),
(392, 27, 'Local', 'M Ali (Dealer)', 104, 200.00, 2, 400.00, '2026-05-02', '2026-05-13 09:19:47'),
(393, 27, 'Local', 'M Ali (Dealer)', 106, 270.00, 6, 1620.00, '2026-05-02', '2026-05-13 09:19:47'),
(394, 27, 'Local', 'M Ali (Dealer)', 107, 78.00, 20, 1560.00, '2026-05-02', '2026-05-13 09:19:47'),
(395, 27, 'Local', 'M Ali (Dealer)', 109, 108.00, 45, 4860.00, '2026-05-02', '2026-05-13 09:19:47'),
(396, 27, 'Local', 'M Ali (Dealer)', 110, 145.00, 45, 6525.00, '2026-05-02', '2026-05-13 09:19:47'),
(397, 27, 'Local', 'M Ali (Dealer)', 111, 200.00, 6, 1200.00, '2026-05-02', '2026-05-13 09:19:47'),
(398, 27, 'Local', 'M Ali (Dealer)', 114, 63.00, 48, 3024.00, '2026-05-02', '2026-05-13 09:19:47'),
(399, 27, 'Local', 'M Ali (Dealer)', 115, 36.00, 416, 14976.00, '2026-05-02', '2026-05-13 09:19:47'),
(400, 27, 'Local', 'M Ali (Dealer)', 116, 45.00, 360, 16200.00, '2026-05-02', '2026-05-13 09:19:47'),
(401, 27, 'Local', 'M Ali (Dealer)', 119, 135.00, 12, 1620.00, '2026-05-02', '2026-05-13 09:19:47'),
(402, 27, 'Local', 'M Ali (Dealer)', 121, 86.00, 24, 2064.00, '2026-05-02', '2026-05-13 09:19:47'),
(403, 27, 'Local', 'M Ali (Dealer)', 122, 135.00, 132, 17820.00, '2026-05-02', '2026-05-13 09:19:47'),
(404, 27, 'Local', 'M Ali (Dealer)', 123, 135.00, 14, 1890.00, '2026-05-02', '2026-05-13 09:19:47'),
(405, 27, 'Local', 'M Ali (Dealer)', 131, 90.00, 12, 1080.00, '2026-05-02', '2026-05-13 09:19:47'),
(406, 27, 'Local', 'M Ali (Dealer)', 132, 180.00, 4, 720.00, '2026-05-02', '2026-05-13 09:19:47'),
(407, 27, 'Local', 'M Ali (Dealer)', 133, 90.00, 96, 8640.00, '2026-05-02', '2026-05-13 09:19:47'),
(408, 27, 'Local', 'M Ali (Dealer)', 134, 90.00, 12, 1080.00, '2026-05-02', '2026-05-13 09:19:47'),
(409, 27, 'Local', 'M Ali (Dealer)', 135, 160.00, 6, 960.00, '2026-05-02', '2026-05-13 09:19:47'),
(410, 27, 'Local', 'M Ali (Dealer)', 136, 160.00, 8, 1280.00, '2026-05-02', '2026-05-13 09:19:47'),
(411, 27, 'Local', 'M Ali (Dealer)', 137, 160.00, 10, 1600.00, '2026-05-02', '2026-05-13 09:19:47'),
(412, 27, 'Local', 'M Ali (Dealer)', 138, 160.00, 10, 1600.00, '2026-05-02', '2026-05-13 09:19:47'),
(413, 27, 'Local', 'M Ali (Dealer)', 139, 160.00, 6, 960.00, '2026-05-02', '2026-05-13 09:19:47'),
(414, 27, 'Local', 'M Ali (Dealer)', 144, 135.00, 12, 1620.00, '2026-05-02', '2026-05-13 09:19:47'),
(415, 27, 'Local', 'M Ali (Dealer)', 146, 175.00, 5, 875.00, '2026-05-02', '2026-05-13 09:19:47'),
(416, 27, 'Local', 'M Ali (Dealer)', 147, 75.00, 12, 900.00, '2026-05-02', '2026-05-13 09:19:47'),
(417, 27, 'Local', 'Tanveer Ahmed', 103, 145.00, 5, 725.00, '2026-05-02', '2026-05-13 09:28:26'),
(418, 27, 'Local', 'Tanveer Ahmed', 106, 270.00, 4, 1080.00, '2026-05-02', '2026-05-13 09:28:26'),
(419, 27, 'Local', 'Tanveer Ahmed', 109, 108.00, 75, 8100.00, '2026-05-02', '2026-05-13 09:28:26'),
(420, 27, 'Local', 'Tanveer Ahmed', 110, 145.00, 35, 5075.00, '2026-05-02', '2026-05-13 09:28:26'),
(421, 27, 'Local', 'Tanveer Ahmed', 111, 200.00, 6, 1200.00, '2026-05-02', '2026-05-13 09:28:26'),
(422, 27, 'Local', 'Tanveer Ahmed', 112, 165.00, 30, 4950.00, '2026-05-02', '2026-05-13 09:28:26'),
(423, 27, 'Local', 'Tanveer Ahmed', 114, 63.00, 84, 5292.00, '2026-05-02', '2026-05-13 09:28:26'),
(424, 27, 'Local', 'Tanveer Ahmed', 115, 36.00, 224, 8064.00, '2026-05-02', '2026-05-13 09:28:26'),
(425, 27, 'Local', 'Tanveer Ahmed', 116, 45.00, 240, 10800.00, '2026-05-02', '2026-05-13 09:28:26'),
(426, 27, 'Local', 'Tanveer Ahmed', 119, 135.00, 25, 3375.00, '2026-05-02', '2026-05-13 09:28:26'),
(427, 27, 'Local', 'Tanveer Ahmed', 121, 86.00, 84, 7224.00, '2026-05-02', '2026-05-13 09:28:26'),
(428, 27, 'Local', 'Tanveer Ahmed', 122, 135.00, 240, 32400.00, '2026-05-02', '2026-05-13 09:28:26'),
(429, 27, 'Local', 'Tanveer Ahmed', 131, 90.00, 96, 8640.00, '2026-05-02', '2026-05-13 09:28:26'),
(430, 27, 'Local', 'Tanveer Ahmed', 135, 160.00, 8, 1280.00, '2026-05-02', '2026-05-13 09:28:26'),
(431, 27, 'Local', 'Tanveer Ahmed', 136, 160.00, 6, 960.00, '2026-05-02', '2026-05-13 09:28:26'),
(432, 27, 'Local', 'Tanveer Ahmed', 137, 160.00, 8, 1280.00, '2026-05-02', '2026-05-13 09:28:26'),
(433, 27, 'Local', 'Tanveer Ahmed', 138, 160.00, 8, 1280.00, '2026-05-02', '2026-05-13 09:28:26'),
(434, 27, 'Local', 'Tanveer Ahmed', 139, 160.00, 8, 1280.00, '2026-05-02', '2026-05-13 09:28:26'),
(435, 27, 'Local', 'Tanveer Ahmed', 144, 135.00, 5, 675.00, '2026-05-02', '2026-05-13 09:28:26'),
(436, 27, 'Local', 'Bariz', 106, 270.00, 3, 810.00, '2026-05-02', '2026-05-13 09:48:49'),
(437, 27, 'Local', 'Bariz', 109, 108.00, 20, 2160.00, '2026-05-02', '2026-05-13 09:48:49'),
(438, 27, 'Local', 'Bariz', 110, 145.00, 20, 2900.00, '2026-05-02', '2026-05-13 09:48:49'),
(439, 27, 'Local', 'Bariz', 111, 200.00, 2, 400.00, '2026-05-02', '2026-05-13 09:48:49'),
(440, 27, 'Local', 'Bariz', 115, 36.00, 32, 1152.00, '2026-05-02', '2026-05-13 09:48:49'),
(441, 27, 'Local', 'Bariz', 116, 45.00, 72, 3240.00, '2026-05-02', '2026-05-13 09:48:49'),
(442, 27, 'Local', 'Bariz', 122, 135.00, 15, 2025.00, '2026-05-02', '2026-05-13 09:48:49'),
(443, 27, 'Local', 'Bariz', 132, 180.00, 4, 720.00, '2026-05-02', '2026-05-13 09:48:49'),
(444, 27, 'Local', 'Bariz', 133, 90.00, 20, 1800.00, '2026-05-02', '2026-05-13 09:48:49'),
(445, 27, 'Local', 'Bariz', 136, 160.00, 3, 480.00, '2026-05-02', '2026-05-13 09:48:49'),
(446, 27, 'Local', 'Bariz', 137, 160.00, 3, 480.00, '2026-05-02', '2026-05-13 09:48:49'),
(447, 27, 'Local', 'Bariz', 138, 160.00, 3, 480.00, '2026-05-02', '2026-05-13 09:48:49'),
(448, 27, 'Local', 'Bariz', 139, 160.00, 3, 480.00, '2026-05-02', '2026-05-13 09:48:49'),
(449, 27, 'Local', 'Bariz', 144, 135.00, 6, 810.00, '2026-05-02', '2026-05-13 09:48:49'),
(450, 27, 'Local', 'M.Naeem Akhtar', 106, 270.00, 2, 540.00, '2026-05-02', '2026-05-13 09:55:08'),
(451, 27, 'Local', 'M.Naeem Akhtar', 109, 108.00, 62, 6696.00, '2026-05-02', '2026-05-13 09:55:08'),
(452, 27, 'Local', 'M.Naeem Akhtar', 110, 145.00, 35, 5075.00, '2026-05-02', '2026-05-13 09:55:08'),
(453, 27, 'Local', 'M.Naeem Akhtar', 114, 63.00, 20, 1260.00, '2026-05-02', '2026-05-13 09:55:08'),
(454, 27, 'Local', 'M.Naeem Akhtar', 116, 45.00, 288, 12960.00, '2026-05-02', '2026-05-13 09:55:08'),
(455, 27, 'Local', 'M.Naeem Akhtar', 132, 180.00, 4, 720.00, '2026-05-02', '2026-05-13 09:55:08'),
(456, 27, 'Local', 'M.Naeem Akhtar', 133, 90.00, 55, 4950.00, '2026-05-02', '2026-05-13 09:55:08'),
(457, 27, 'Local', 'M.Naeem Akhtar', 138, 160.00, 2, 320.00, '2026-05-02', '2026-05-13 09:55:08'),
(458, 27, 'Local', 'M.Naeem Akhtar', 139, 160.00, 6, 960.00, '2026-05-02', '2026-05-13 09:55:08'),
(459, 27, 'Local', 'M.Naeem Akhtar', 144, 135.00, 26, 3510.00, '2026-05-02', '2026-05-13 09:55:08'),
(460, 27, 'Local', 'M.Naeem Akhtar', 146, 175.00, 2, 350.00, '2026-05-02', '2026-05-13 09:55:08'),
(461, 27, 'Local', 'M.Naveed Butt', 106, 270.00, 1, 270.00, '2026-05-02', '2026-05-13 09:57:23'),
(462, 27, 'Local', 'M.Naveed Butt', 109, 108.00, 55, 5940.00, '2026-05-02', '2026-05-13 09:57:23'),
(463, 27, 'Local', 'M.Naveed Butt', 110, 145.00, 35, 5075.00, '2026-05-02', '2026-05-13 09:57:23'),
(464, 27, 'Local', 'M.Naveed Butt', 115, 36.00, 96, 3456.00, '2026-05-02', '2026-05-13 09:57:23'),
(465, 27, 'Local', 'M.Naveed Butt', 116, 45.00, 72, 3240.00, '2026-05-02', '2026-05-13 09:57:23'),
(466, 27, 'Local', 'M.Naveed Butt', 121, 86.00, 3, 258.00, '2026-05-02', '2026-05-13 09:57:23'),
(467, 27, 'Local', 'M.Naveed Butt', 123, 135.00, 4, 540.00, '2026-05-02', '2026-05-13 09:57:23'),
(468, 27, 'Local', 'M.Naveed Butt', 133, 90.00, 30, 2700.00, '2026-05-02', '2026-05-13 09:57:23'),
(469, 27, 'Local', 'M.Naveed Butt', 136, 160.00, 2, 320.00, '2026-05-02', '2026-05-13 09:57:23'),
(470, 27, 'Local', 'M.Naveed Butt', 137, 160.00, 2, 320.00, '2026-05-02', '2026-05-13 09:57:23'),
(471, 27, 'Local', 'M.Naveed Butt', 138, 160.00, 2, 320.00, '2026-05-02', '2026-05-13 09:57:23'),
(472, 27, 'Local', 'M.Naveed Butt', 144, 135.00, 12, 1620.00, '2026-05-02', '2026-05-13 09:57:23'),
(473, 27, 'Local', 'M.Shahbaz', 109, 108.00, 50, 5400.00, '2026-05-02', '2026-05-13 10:04:29'),
(474, 27, 'Local', 'M.Shahbaz', 110, 145.00, 14, 2030.00, '2026-05-02', '2026-05-13 10:04:29'),
(475, 27, 'Local', 'M.Shahbaz', 114, 63.00, 12, 756.00, '2026-05-02', '2026-05-13 10:04:29'),
(476, 27, 'Local', 'M.Shahbaz', 115, 36.00, 128, 4608.00, '2026-05-02', '2026-05-13 10:04:29'),
(477, 27, 'Local', 'M.Shahbaz', 116, 45.00, 12, 540.00, '2026-05-02', '2026-05-13 10:04:29'),
(478, 27, 'Local', 'M.Shahbaz', 133, 90.00, 25, 2250.00, '2026-05-02', '2026-05-13 10:04:29'),
(479, 27, 'Local', 'M.Shahbaz', 135, 160.00, 1, 160.00, '2026-05-02', '2026-05-13 10:04:29'),
(480, 27, 'Local', 'M.Shahbaz', 136, 160.00, 1, 160.00, '2026-05-02', '2026-05-13 10:04:29'),
(481, 27, 'Local', 'M.Shahbaz', 137, 160.00, 1, 160.00, '2026-05-02', '2026-05-13 10:04:29'),
(482, 27, 'Local', 'M.Shahbaz', 138, 160.00, 1, 160.00, '2026-05-02', '2026-05-13 10:04:29'),
(483, 27, 'Local', 'M.Shahbaz', 139, 160.00, 1, 160.00, '2026-05-02', '2026-05-13 10:04:29'),
(484, 27, 'Local', 'M.Shahbaz', 140, 160.00, 1, 160.00, '2026-05-02', '2026-05-13 10:04:29'),
(485, 27, 'Local', 'M.Shahbaz', 141, 160.00, 1, 160.00, '2026-05-02', '2026-05-13 10:04:29'),
(486, 27, 'Local', 'M.Shahbaz', 144, 135.00, 4, 540.00, '2026-05-02', '2026-05-13 10:04:29'),
(487, 27, 'Local', 'Kashif Ali', 109, 108.00, 20, 2160.00, '2026-05-02', '2026-05-13 10:08:51'),
(488, 27, 'Local', 'Kashif Ali', 110, 145.00, 15, 2175.00, '2026-05-02', '2026-05-13 10:08:51'),
(489, 27, 'Local', 'Kashif Ali', 112, 165.00, 2, 330.00, '2026-05-02', '2026-05-13 10:08:51'),
(490, 27, 'Local', 'Kashif Ali', 114, 63.00, 15, 945.00, '2026-05-02', '2026-05-13 10:08:51'),
(491, 27, 'Local', 'Kashif Ali', 115, 36.00, 64, 2304.00, '2026-05-02', '2026-05-13 10:08:51'),
(492, 27, 'Local', 'Kashif Ali', 116, 45.00, 168, 7560.00, '2026-05-02', '2026-05-13 10:08:51'),
(493, 27, 'Local', 'Kashif Ali', 122, 135.00, 5, 675.00, '2026-05-02', '2026-05-13 10:08:51'),
(494, 27, 'Local', 'Kashif Ali', 133, 90.00, 40, 3600.00, '2026-05-02', '2026-05-13 10:08:51'),
(495, 27, 'Local', 'Kashif Ali', 136, 160.00, 3, 480.00, '2026-05-02', '2026-05-13 10:08:51'),
(496, 27, 'Local', 'Kashif Ali', 137, 160.00, 3, 480.00, '2026-05-02', '2026-05-13 10:08:51'),
(497, 27, 'Local', 'Kashif Ali', 138, 160.00, 4, 640.00, '2026-05-02', '2026-05-13 10:08:51'),
(498, 27, 'Local', 'Kashif Ali', 139, 160.00, 25, 4000.00, '2026-05-02', '2026-05-13 10:08:51'),
(499, 27, 'Local', 'Shounaiz', 109, 108.00, 30, 3240.00, '2026-05-02', '2026-05-13 10:12:41'),
(500, 27, 'Local', 'Shounaiz', 110, 145.00, 28, 4060.00, '2026-05-02', '2026-05-13 10:12:41'),
(501, 27, 'Local', 'Shounaiz', 112, 165.00, 4, 660.00, '2026-05-02', '2026-05-13 10:12:41'),
(502, 27, 'Local', 'Shounaiz', 114, 63.00, 6, 378.00, '2026-05-02', '2026-05-13 10:12:41'),
(503, 27, 'Local', 'Shounaiz', 115, 36.00, 32, 1152.00, '2026-05-02', '2026-05-13 10:12:41'),
(504, 27, 'Local', 'Shounaiz', 116, 45.00, 144, 6480.00, '2026-05-02', '2026-05-13 10:12:41'),
(505, 27, 'Local', 'Shounaiz', 119, 135.00, 6, 810.00, '2026-05-02', '2026-05-13 10:12:41'),
(506, 27, 'Local', 'Shounaiz', 132, 180.00, 4, 720.00, '2026-05-02', '2026-05-13 10:12:41'),
(507, 27, 'Local', 'Shounaiz', 133, 90.00, 40, 3600.00, '2026-05-02', '2026-05-13 10:12:41'),
(508, 27, 'Local', 'Shounaiz', 135, 160.00, 1, 160.00, '2026-05-02', '2026-05-13 10:12:41'),
(509, 27, 'Local', 'Shounaiz', 139, 160.00, 1, 160.00, '2026-05-02', '2026-05-13 10:12:41'),
(510, 27, 'Local', 'Shounaiz', 140, 160.00, 1, 160.00, '2026-05-02', '2026-05-13 10:12:41'),
(511, 27, 'Local', 'Shounaiz', 141, 160.00, 1, 160.00, '2026-05-02', '2026-05-13 10:12:41'),
(512, 27, 'Local', 'Shounaiz', 144, 135.00, 12, 1620.00, '2026-05-02', '2026-05-13 10:12:41'),
(513, 27, 'Local', 'M.Imran', 109, 108.00, 30, 3240.00, '2026-05-02', '2026-05-13 10:46:44'),
(514, 27, 'Local', 'M.Imran', 110, 145.00, 16, 2320.00, '2026-05-02', '2026-05-13 10:46:44'),
(515, 27, 'Local', 'M.Imran', 112, 165.00, 12, 1980.00, '2026-05-02', '2026-05-13 10:46:44'),
(516, 27, 'Local', 'M.Imran', 116, 45.00, 144, 6480.00, '2026-05-02', '2026-05-13 10:46:44'),
(517, 27, 'Local', 'M.Imran', 119, 135.00, 3, 405.00, '2026-05-02', '2026-05-13 10:46:44'),
(518, 27, 'Local', 'M.Imran', 132, 180.00, 6, 1080.00, '2026-05-02', '2026-05-13 10:46:44'),
(519, 27, 'Local', 'M.Imran', 133, 90.00, 40, 3600.00, '2026-05-02', '2026-05-13 10:46:44'),
(520, 27, 'Local', 'M.Imran', 135, 160.00, 2, 320.00, '2026-05-02', '2026-05-13 10:46:44'),
(521, 27, 'Local', 'M.Imran', 136, 160.00, 4, 640.00, '2026-05-02', '2026-05-13 10:46:44'),
(522, 27, 'Local', 'M.Imran', 137, 160.00, 4, 640.00, '2026-05-02', '2026-05-13 10:46:44'),
(523, 27, 'Local', 'M.Imran', 138, 160.00, 4, 640.00, '2026-05-02', '2026-05-13 10:46:44'),
(524, 27, 'Local', 'M.Imran', 139, 160.00, 15, 2400.00, '2026-05-02', '2026-05-13 10:46:44'),
(525, 27, 'Local', 'M.Imran', 140, 160.00, 2, 320.00, '2026-05-02', '2026-05-13 10:46:44'),
(526, 27, 'Local', 'M.Imran', 141, 160.00, 2, 320.00, '2026-05-02', '2026-05-13 10:46:44'),
(527, 27, 'Local', 'M.Imran', 144, 135.00, 8, 1080.00, '2026-05-02', '2026-05-13 10:46:44'),
(528, 27, 'Local', 'M.Hafeez', 109, 108.00, 30, 3240.00, '2026-05-02', '2026-05-13 10:52:12'),
(529, 27, 'Local', 'M.Hafeez', 110, 145.00, 21, 3045.00, '2026-05-02', '2026-05-13 10:52:12'),
(530, 27, 'Local', 'M.Hafeez', 111, 200.00, 3, 600.00, '2026-05-02', '2026-05-13 10:52:12'),
(531, 27, 'Local', 'M.Hafeez', 112, 165.00, 3, 495.00, '2026-05-02', '2026-05-13 10:52:12'),
(532, 27, 'Local', 'M.Hafeez', 114, 63.00, 15, 945.00, '2026-05-02', '2026-05-13 10:52:12'),
(533, 27, 'Local', 'M.Hafeez', 116, 45.00, 96, 4320.00, '2026-05-02', '2026-05-13 10:52:12'),
(534, 27, 'Local', 'M.Hafeez', 119, 135.00, 8, 1080.00, '2026-05-02', '2026-05-13 10:52:12'),
(535, 27, 'Local', 'M.Hafeez', 122, 135.00, 37, 4995.00, '2026-05-02', '2026-05-13 10:52:12'),
(536, 27, 'Local', 'M.Hafeez', 132, 180.00, 2, 360.00, '2026-05-02', '2026-05-13 10:52:12'),
(537, 27, 'Local', 'M.Hafeez', 133, 90.00, 25, 2250.00, '2026-05-02', '2026-05-13 10:52:12'),
(538, 27, 'Local', 'M.Hafeez', 136, 160.00, 2, 320.00, '2026-05-02', '2026-05-13 10:52:12'),
(539, 27, 'Local', 'M.Hafeez', 137, 160.00, 2, 320.00, '2026-05-02', '2026-05-13 10:52:12'),
(540, 27, 'Local', 'M.Hafeez', 138, 160.00, 2, 320.00, '2026-05-02', '2026-05-13 10:52:12'),
(541, 27, 'Local', 'M.Hafeez', 139, 160.00, 10, 1600.00, '2026-05-02', '2026-05-13 10:52:12'),
(542, 27, 'Local', 'Muneeb', 109, 108.00, 20, 2160.00, '2026-05-02', '2026-05-13 10:55:32'),
(543, 27, 'Local', 'Muneeb', 110, 145.00, 10, 1450.00, '2026-05-02', '2026-05-13 10:55:32'),
(544, 27, 'Local', 'Muneeb', 116, 45.00, 72, 3240.00, '2026-05-02', '2026-05-13 10:55:32'),
(545, 27, 'Local', 'Muneeb', 133, 90.00, 15, 1350.00, '2026-05-02', '2026-05-13 10:55:32'),
(546, 27, 'Local', 'Muneeb', 144, 135.00, 4, 540.00, '2026-05-02', '2026-05-13 10:55:32'),
(547, 27, 'Local', 'Muhammad Yaqoob', 109, 108.00, 30, 3240.00, '2026-05-02', '2026-05-13 10:59:22'),
(548, 27, 'Local', 'Muhammad Yaqoob', 110, 145.00, 20, 2900.00, '2026-05-02', '2026-05-13 10:59:22');
INSERT INTO `dispatch_first` (`id`, `agent_id`, `city`, `salesman_name`, `item_id`, `rate`, `quantity`, `amount`, `dispatch_date`, `entry_date`) VALUES
(549, 27, 'Local', 'Muhammad Yaqoob', 112, 165.00, 4, 660.00, '2026-05-02', '2026-05-13 10:59:22'),
(550, 27, 'Local', 'Muhammad Yaqoob', 116, 45.00, 48, 2160.00, '2026-05-02', '2026-05-13 10:59:22'),
(551, 27, 'Local', 'Muhammad Yaqoob', 133, 90.00, 30, 2700.00, '2026-05-02', '2026-05-13 10:59:22'),
(552, 27, 'Local', 'Muhammad Yaqoob', 135, 160.00, 2, 320.00, '2026-05-02', '2026-05-13 10:59:22'),
(553, 27, 'Local', 'Muhammad Yaqoob', 136, 160.00, 2, 320.00, '2026-05-02', '2026-05-13 10:59:22'),
(554, 27, 'Local', 'Muhammad Yaqoob', 137, 160.00, 2, 320.00, '2026-05-02', '2026-05-13 10:59:22'),
(555, 27, 'Local', 'Muhammad Yaqoob', 138, 160.00, 2, 320.00, '2026-05-02', '2026-05-13 10:59:22'),
(556, 27, 'Local', 'Muhammad Yaqoob', 139, 160.00, 2, 320.00, '2026-05-02', '2026-05-13 10:59:22'),
(557, 27, 'Local', 'Muhammad Yaqoob', 140, 160.00, 2, 320.00, '2026-05-02', '2026-05-13 10:59:22'),
(558, 27, 'Local', 'Muhammad Yaqoob', 141, 160.00, 2, 320.00, '2026-05-02', '2026-05-13 10:59:22'),
(559, 27, 'Local', 'Muhammad Yaqoob', 144, 135.00, 6, 810.00, '2026-05-02', '2026-05-13 10:59:22'),
(560, 27, 'Local', 'Mujeeb', 109, 108.00, 5, 540.00, '2026-05-13', '2026-05-13 11:13:32'),
(561, 27, 'Local', 'Mujeeb', 113, 130.00, 4, 520.00, '2026-05-13', '2026-05-13 11:13:32'),
(562, 27, 'Local', 'Mujeeb', 114, 63.00, 12, 756.00, '2026-05-13', '2026-05-13 11:13:32'),
(563, 27, 'Local', 'Mujeeb', 116, 45.00, 120, 5400.00, '2026-05-13', '2026-05-13 11:13:32'),
(564, 27, 'Local', 'Mujeeb', 119, 135.00, 10, 1350.00, '2026-05-13', '2026-05-13 11:13:32'),
(565, 27, 'Local', 'Mujeeb', 122, 135.00, 5, 675.00, '2026-05-13', '2026-05-13 11:13:32'),
(566, 27, 'Local', 'Mujeeb', 133, 90.00, 10, 900.00, '2026-05-13', '2026-05-13 11:13:32'),
(567, 27, 'Local', 'Mujeeb', 134, 90.00, 5, 450.00, '2026-05-13', '2026-05-13 11:13:32'),
(568, 27, 'Local', 'Mujeeb', 136, 160.00, 2, 320.00, '2026-05-13', '2026-05-13 11:13:32'),
(569, 27, 'Local', 'Mujeeb', 137, 160.00, 2, 320.00, '2026-05-13', '2026-05-13 11:13:32'),
(570, 27, 'Local', 'Mujeeb', 138, 160.00, 2, 320.00, '2026-05-13', '2026-05-13 11:13:32'),
(571, 27, 'Local', 'Mujeeb', 139, 160.00, 6, 960.00, '2026-05-13', '2026-05-13 11:13:32'),
(572, 27, 'Local', 'Muhammad Yaqoob', 109, 108.00, 25, 2700.00, '2026-05-13', '2026-05-13 11:18:23'),
(573, 27, 'Local', 'Muhammad Yaqoob', 110, 145.00, 20, 2900.00, '2026-05-13', '2026-05-13 11:18:23'),
(574, 27, 'Local', 'Muhammad Yaqoob', 112, 165.00, 4, 660.00, '2026-05-13', '2026-05-13 11:18:23'),
(575, 27, 'Local', 'Muhammad Yaqoob', 114, 63.00, 60, 3780.00, '2026-05-13', '2026-05-13 11:18:23'),
(576, 27, 'Local', 'Muhammad Yaqoob', 115, 36.00, 32, 1152.00, '2026-05-13', '2026-05-13 11:18:23'),
(577, 27, 'Local', 'Muhammad Yaqoob', 116, 45.00, 156, 7020.00, '2026-05-13', '2026-05-13 11:18:23'),
(578, 27, 'Local', 'Muhammad Yaqoob', 133, 90.00, 30, 2700.00, '2026-05-13', '2026-05-13 11:18:23'),
(579, 27, 'Local', 'Muhammad Yaqoob', 135, 160.00, 2, 320.00, '2026-05-13', '2026-05-13 11:18:23'),
(580, 27, 'Local', 'Muhammad Yaqoob', 136, 160.00, 2, 320.00, '2026-05-13', '2026-05-13 11:18:23'),
(581, 27, 'Local', 'Muhammad Yaqoob', 137, 160.00, 2, 320.00, '2026-05-13', '2026-05-13 11:18:23'),
(582, 27, 'Local', 'Muhammad Yaqoob', 138, 160.00, 2, 320.00, '2026-05-13', '2026-05-13 11:18:23'),
(583, 27, 'Local', 'Muhammad Yaqoob', 139, 160.00, 2, 320.00, '2026-05-13', '2026-05-13 11:18:23'),
(584, 27, 'Local', 'Muhammad Yaqoob', 140, 160.00, 2, 320.00, '2026-05-13', '2026-05-13 11:18:23'),
(585, 27, 'Local', 'Muhammad Yaqoob', 141, 160.00, 2, 320.00, '2026-05-13', '2026-05-13 11:18:23'),
(586, 27, 'Local', 'Muhammad Yaqoob', 144, 135.00, 4, 540.00, '2026-05-13', '2026-05-13 11:18:23'),
(587, 27, 'Local', 'Muneeb', 106, 270.00, 1, 270.00, '2026-05-13', '2026-05-13 11:21:50'),
(588, 27, 'Local', 'Muneeb', 109, 108.00, 20, 2160.00, '2026-05-13', '2026-05-13 11:21:50'),
(589, 27, 'Local', 'Muneeb', 110, 145.00, 15, 2175.00, '2026-05-13', '2026-05-13 11:21:50'),
(590, 27, 'Local', 'Muneeb', 112, 165.00, 4, 660.00, '2026-05-13', '2026-05-13 11:21:50'),
(591, 27, 'Local', 'Muneeb', 113, 130.00, 2, 260.00, '2026-05-13', '2026-05-13 11:21:50'),
(592, 27, 'Local', 'Muneeb', 114, 63.00, 18, 1134.00, '2026-05-13', '2026-05-13 11:21:50'),
(593, 27, 'Local', 'Muneeb', 116, 45.00, 96, 4320.00, '2026-05-13', '2026-05-13 11:21:50'),
(594, 27, 'Local', 'Muneeb', 132, 180.00, 4, 720.00, '2026-05-13', '2026-05-13 11:21:50'),
(595, 27, 'Local', 'Muneeb', 133, 90.00, 25, 2250.00, '2026-05-13', '2026-05-13 11:21:50'),
(596, 27, 'Local', 'Muneeb', 139, 160.00, 4, 640.00, '2026-05-13', '2026-05-13 11:21:50'),
(597, 27, 'Local', 'Muneeb', 144, 135.00, 3, 405.00, '2026-05-13', '2026-05-13 11:21:50'),
(598, 27, 'Local', 'M.Hafeez', 109, 108.00, 30, 3240.00, '2026-05-13', '2026-05-13 11:27:09'),
(599, 27, 'Local', 'M.Hafeez', 110, 145.00, 21, 3045.00, '2026-05-13', '2026-05-13 11:27:09'),
(600, 27, 'Local', 'M.Hafeez', 111, 200.00, 3, 600.00, '2026-05-13', '2026-05-13 11:27:09'),
(601, 27, 'Local', 'M.Hafeez', 112, 165.00, 3, 495.00, '2026-05-13', '2026-05-13 11:27:09'),
(602, 27, 'Local', 'M.Hafeez', 113, 130.00, 2, 260.00, '2026-05-13', '2026-05-13 11:27:09'),
(603, 27, 'Local', 'M.Hafeez', 114, 63.00, 15, 945.00, '2026-05-13', '2026-05-13 11:27:09'),
(604, 27, 'Local', 'M.Hafeez', 116, 45.00, 96, 4320.00, '2026-05-13', '2026-05-13 11:27:09'),
(605, 27, 'Local', 'M.Hafeez', 119, 135.00, 10, 1350.00, '2026-05-13', '2026-05-13 11:27:09'),
(606, 27, 'Local', 'M.Hafeez', 123, 135.00, 20, 2700.00, '2026-05-13', '2026-05-13 11:27:09'),
(607, 27, 'Local', 'M.Hafeez', 133, 90.00, 25, 2250.00, '2026-05-13', '2026-05-13 11:27:09'),
(608, 27, 'Local', 'M.Hafeez', 136, 160.00, 2, 320.00, '2026-05-13', '2026-05-13 11:27:09'),
(609, 27, 'Local', 'M.Hafeez', 137, 160.00, 2, 320.00, '2026-05-13', '2026-05-13 11:27:09'),
(610, 27, 'Local', 'M.Hafeez', 138, 160.00, 2, 320.00, '2026-05-13', '2026-05-13 11:27:09'),
(611, 27, 'Local', 'M.Hafeez', 139, 160.00, 10, 1600.00, '2026-05-13', '2026-05-13 11:27:09'),
(612, 27, 'Local', 'M.Hafeez', 144, 135.00, 6, 810.00, '2026-05-13', '2026-05-13 11:27:09'),
(613, 27, 'Local', 'M.Imran', 109, 108.00, 50, 5400.00, '2026-05-13', '2026-05-13 11:29:57'),
(614, 27, 'Local', 'M.Imran', 110, 145.00, 25, 3625.00, '2026-05-13', '2026-05-13 11:29:57'),
(615, 27, 'Local', 'M.Imran', 112, 165.00, 15, 2475.00, '2026-05-13', '2026-05-13 11:29:57'),
(616, 27, 'Local', 'M.Imran', 113, 130.00, 3, 390.00, '2026-05-13', '2026-05-13 11:29:57'),
(617, 27, 'Local', 'M.Imran', 114, 63.00, 12, 756.00, '2026-05-13', '2026-05-13 11:29:57'),
(618, 27, 'Local', 'M.Imran', 116, 45.00, 144, 6480.00, '2026-05-13', '2026-05-13 11:29:57'),
(619, 27, 'Local', 'M.Imran', 119, 135.00, 6, 810.00, '2026-05-13', '2026-05-13 11:29:57'),
(620, 27, 'Local', 'M.Imran', 122, 135.00, 4, 540.00, '2026-05-13', '2026-05-13 11:29:57'),
(621, 27, 'Local', 'M.Imran', 132, 180.00, 6, 1080.00, '2026-05-13', '2026-05-13 11:29:57'),
(622, 27, 'Local', 'M.Imran', 133, 90.00, 60, 5400.00, '2026-05-13', '2026-05-13 11:29:57'),
(623, 27, 'Local', 'M.Imran', 135, 160.00, 2, 320.00, '2026-05-13', '2026-05-13 11:29:57'),
(624, 27, 'Local', 'M.Imran', 136, 160.00, 1, 160.00, '2026-05-13', '2026-05-13 11:29:57'),
(625, 27, 'Local', 'M.Imran', 137, 160.00, 3, 480.00, '2026-05-13', '2026-05-13 11:29:57'),
(626, 27, 'Local', 'M.Imran', 138, 160.00, 2, 320.00, '2026-05-13', '2026-05-13 11:29:57'),
(627, 27, 'Local', 'M.Imran', 139, 160.00, 12, 1920.00, '2026-05-13', '2026-05-13 11:29:57'),
(628, 27, 'Local', 'M.Imran', 140, 160.00, 2, 320.00, '2026-05-13', '2026-05-13 11:29:57'),
(629, 27, 'Local', 'M.Imran', 141, 160.00, 2, 320.00, '2026-05-13', '2026-05-13 11:29:57'),
(630, 27, 'Local', 'M.Imran', 144, 135.00, 10, 1350.00, '2026-05-13', '2026-05-13 11:29:57'),
(631, 27, 'Local', 'M.Nadeem', 101, 108.00, 12, 1296.00, '2026-05-13', '2026-05-13 11:53:19'),
(632, 27, 'Local', 'M.Nadeem', 103, 145.00, 40, 5800.00, '2026-05-13', '2026-05-13 11:53:19'),
(633, 27, 'Local', 'M.Nadeem', 106, 270.00, 10, 2700.00, '2026-05-13', '2026-05-13 11:53:19'),
(634, 27, 'Local', 'M.Nadeem', 109, 108.00, 90, 9720.00, '2026-05-13', '2026-05-13 11:53:19'),
(635, 27, 'Local', 'M.Nadeem', 112, 165.00, 55, 9075.00, '2026-05-13', '2026-05-13 11:53:19'),
(636, 27, 'Local', 'M.Nadeem', 113, 130.00, 34, 4420.00, '2026-05-13', '2026-05-13 11:53:19'),
(637, 27, 'Local', 'M.Nadeem', 114, 63.00, 12, 756.00, '2026-05-13', '2026-05-13 11:53:19'),
(638, 27, 'Local', 'M.Nadeem', 115, 36.00, 352, 12672.00, '2026-05-13', '2026-05-13 11:53:19'),
(639, 27, 'Local', 'M.Nadeem', 119, 135.00, 10, 1350.00, '2026-05-13', '2026-05-13 11:53:19'),
(640, 27, 'Local', 'M.Nadeem', 121, 86.00, 45, 3870.00, '2026-05-13', '2026-05-13 11:53:19'),
(641, 27, 'Local', 'M.Nadeem', 122, 135.00, 51, 6885.00, '2026-05-13', '2026-05-13 11:53:19'),
(642, 27, 'Local', 'M.Nadeem', 123, 135.00, 50, 6750.00, '2026-05-13', '2026-05-13 11:53:19'),
(643, 27, 'Local', 'M.Nadeem', 132, 180.00, 36, 6480.00, '2026-05-13', '2026-05-13 11:53:19'),
(644, 27, 'Local', 'M.Nadeem', 133, 90.00, 180, 16200.00, '2026-05-13', '2026-05-13 11:53:19'),
(645, 27, 'Local', 'M.Nadeem', 136, 160.00, 2, 320.00, '2026-05-13', '2026-05-13 11:53:19'),
(646, 27, 'Local', 'M.Nadeem', 137, 160.00, 10, 1600.00, '2026-05-13', '2026-05-13 11:53:19'),
(647, 27, 'Local', 'M.Nadeem', 138, 160.00, 10, 1600.00, '2026-05-13', '2026-05-13 11:53:19'),
(648, 27, 'Local', 'M.Nadeem', 139, 160.00, 5, 800.00, '2026-05-13', '2026-05-13 11:53:19'),
(649, 27, 'Local', 'M.Nadeem', 144, 135.00, 6, 810.00, '2026-05-13', '2026-05-13 11:53:19'),
(650, 27, 'Local', 'M Ali (Dealer)', 101, 108.00, 2, 216.00, '2026-05-13', '2026-05-13 11:59:21'),
(651, 27, 'Local', 'M Ali (Dealer)', 103, 145.00, 2, 290.00, '2026-05-13', '2026-05-13 11:59:21'),
(652, 27, 'Local', 'M Ali (Dealer)', 106, 270.00, 12, 3240.00, '2026-05-13', '2026-05-13 11:59:21'),
(653, 27, 'Local', 'M Ali (Dealer)', 107, 78.00, 5, 390.00, '2026-05-13', '2026-05-13 11:59:21'),
(654, 27, 'Local', 'M Ali (Dealer)', 109, 108.00, 25, 2700.00, '2026-05-13', '2026-05-13 11:59:21'),
(655, 27, 'Local', 'M Ali (Dealer)', 110, 145.00, 25, 3625.00, '2026-05-13', '2026-05-13 11:59:21'),
(656, 27, 'Local', 'M Ali (Dealer)', 111, 200.00, 5, 1000.00, '2026-05-13', '2026-05-13 11:59:21'),
(657, 27, 'Local', 'M Ali (Dealer)', 113, 130.00, 2, 260.00, '2026-05-13', '2026-05-13 11:59:21'),
(658, 27, 'Local', 'M Ali (Dealer)', 114, 63.00, 24, 1512.00, '2026-05-13', '2026-05-13 11:59:21'),
(659, 27, 'Local', 'M Ali (Dealer)', 115, 36.00, 128, 4608.00, '2026-05-13', '2026-05-13 11:59:21'),
(660, 27, 'Local', 'M Ali (Dealer)', 116, 45.00, 120, 5400.00, '2026-05-13', '2026-05-13 11:59:21'),
(661, 27, 'Local', 'M Ali (Dealer)', 119, 135.00, 10, 1350.00, '2026-05-13', '2026-05-13 11:59:21'),
(662, 27, 'Local', 'M Ali (Dealer)', 121, 86.00, 18, 1548.00, '2026-05-13', '2026-05-13 11:59:21'),
(663, 27, 'Local', 'M Ali (Dealer)', 122, 135.00, 156, 21060.00, '2026-05-13', '2026-05-13 11:59:21'),
(664, 27, 'Local', 'M Ali (Dealer)', 123, 135.00, 14, 1890.00, '2026-05-13', '2026-05-13 11:59:21'),
(665, 27, 'Local', 'M Ali (Dealer)', 131, 90.00, 6, 540.00, '2026-05-13', '2026-05-13 11:59:21'),
(666, 27, 'Local', 'M Ali (Dealer)', 132, 180.00, 6, 1080.00, '2026-05-13', '2026-05-13 11:59:21'),
(667, 27, 'Local', 'M Ali (Dealer)', 133, 90.00, 48, 4320.00, '2026-05-13', '2026-05-13 11:59:21'),
(668, 27, 'Local', 'M Ali (Dealer)', 134, 90.00, 6, 540.00, '2026-05-13', '2026-05-13 11:59:21'),
(669, 27, 'Local', 'M Ali (Dealer)', 136, 160.00, 2, 320.00, '2026-05-13', '2026-05-13 11:59:21'),
(670, 27, 'Local', 'M Ali (Dealer)', 137, 160.00, 5, 800.00, '2026-05-13', '2026-05-13 11:59:21'),
(671, 27, 'Local', 'M Ali (Dealer)', 138, 160.00, 5, 800.00, '2026-05-13', '2026-05-13 11:59:21'),
(672, 27, 'Local', 'M Ali (Dealer)', 139, 160.00, 4, 640.00, '2026-05-13', '2026-05-13 11:59:21'),
(673, 27, 'Local', 'Bariz', 109, 108.00, 40, 4320.00, '2026-05-13', '2026-05-13 12:06:18'),
(674, 27, 'Local', 'Bariz', 110, 145.00, 40, 5800.00, '2026-05-13', '2026-05-13 12:06:18'),
(675, 27, 'Local', 'Bariz', 111, 200.00, 4, 800.00, '2026-05-13', '2026-05-13 12:06:18'),
(676, 27, 'Local', 'Bariz', 114, 63.00, 6, 378.00, '2026-05-13', '2026-05-13 12:06:18'),
(677, 27, 'Local', 'Bariz', 115, 36.00, 96, 3456.00, '2026-05-13', '2026-05-13 12:06:18'),
(678, 27, 'Local', 'Bariz', 116, 45.00, 168, 7560.00, '2026-05-13', '2026-05-13 12:06:18'),
(679, 27, 'Local', 'Bariz', 122, 135.00, 10, 1350.00, '2026-05-13', '2026-05-13 12:06:18'),
(680, 27, 'Local', 'Bariz', 132, 180.00, 2, 360.00, '2026-05-13', '2026-05-13 12:06:18'),
(681, 27, 'Local', 'Bariz', 133, 90.00, 50, 4500.00, '2026-05-13', '2026-05-13 12:06:18'),
(682, 27, 'Local', 'Bariz', 136, 160.00, 1, 160.00, '2026-05-13', '2026-05-13 12:06:18'),
(683, 27, 'Local', 'Bariz', 137, 160.00, 2, 320.00, '2026-05-13', '2026-05-13 12:06:18'),
(684, 27, 'Local', 'Bariz', 138, 160.00, 2, 320.00, '2026-05-13', '2026-05-13 12:06:18'),
(685, 27, 'Local', 'Bariz', 139, 160.00, 1, 160.00, '2026-05-13', '2026-05-13 12:06:18'),
(686, 27, 'Local', 'Bariz', 144, 135.00, 6, 810.00, '2026-05-13', '2026-05-13 12:06:18'),
(687, 27, 'Local', 'M.Naeem Akhtar', 106, 270.00, 4, 1080.00, '2026-05-13', '2026-05-13 12:10:18'),
(688, 27, 'Local', 'M.Naeem Akhtar', 109, 108.00, 85, 9180.00, '2026-05-13', '2026-05-13 12:10:18'),
(689, 27, 'Local', 'M.Naeem Akhtar', 110, 145.00, 66, 9570.00, '2026-05-13', '2026-05-13 12:10:18'),
(690, 27, 'Local', 'M.Naeem Akhtar', 114, 63.00, 20, 1260.00, '2026-05-13', '2026-05-13 12:10:18'),
(691, 27, 'Local', 'M.Naeem Akhtar', 116, 45.00, 288, 12960.00, '2026-05-13', '2026-05-13 12:10:18'),
(692, 27, 'Local', 'M.Naeem Akhtar', 132, 180.00, 3, 540.00, '2026-05-13', '2026-05-13 12:10:18'),
(693, 27, 'Local', 'M.Naeem Akhtar', 133, 90.00, 50, 4500.00, '2026-05-13', '2026-05-13 12:10:18'),
(694, 27, 'Local', 'M.Naeem Akhtar', 137, 160.00, 2, 320.00, '2026-05-13', '2026-05-13 12:10:18'),
(695, 27, 'Local', 'M.Naeem Akhtar', 138, 160.00, 2, 320.00, '2026-05-13', '2026-05-13 12:10:18'),
(696, 27, 'Local', 'M.Naeem Akhtar', 139, 160.00, 7, 1120.00, '2026-05-13', '2026-05-13 12:10:18'),
(697, 27, 'Local', 'M.Naeem Akhtar', 144, 135.00, 30, 4050.00, '2026-05-13', '2026-05-13 12:10:18'),
(698, 27, 'Local', 'M.Naeem Akhtar', 146, 175.00, 2, 350.00, '2026-05-13', '2026-05-13 12:10:18'),
(699, 27, 'Local', 'M.Naveed Butt', 109, 108.00, 50, 5400.00, '2026-05-13', '2026-05-13 12:14:09'),
(700, 27, 'Local', 'M.Naveed Butt', 110, 145.00, 42, 6090.00, '2026-05-13', '2026-05-13 12:14:09'),
(701, 27, 'Local', 'M.Naveed Butt', 112, 165.00, 3, 495.00, '2026-05-13', '2026-05-13 12:14:09'),
(702, 27, 'Local', 'M.Naveed Butt', 113, 130.00, 2, 260.00, '2026-05-13', '2026-05-13 12:14:09'),
(703, 27, 'Local', 'M.Naveed Butt', 114, 63.00, 18, 1134.00, '2026-05-13', '2026-05-13 12:14:09'),
(704, 27, 'Local', 'M.Naveed Butt', 115, 36.00, 164, 5904.00, '2026-05-13', '2026-05-13 12:14:09'),
(705, 27, 'Local', 'M.Naveed Butt', 116, 45.00, 96, 4320.00, '2026-05-13', '2026-05-13 12:14:09'),
(706, 27, 'Local', 'M.Naveed Butt', 119, 135.00, 5, 675.00, '2026-05-13', '2026-05-13 12:14:09'),
(707, 27, 'Local', 'M.Naveed Butt', 122, 135.00, 5, 675.00, '2026-05-13', '2026-05-13 12:14:09'),
(708, 27, 'Local', 'M.Naveed Butt', 133, 90.00, 60, 5400.00, '2026-05-13', '2026-05-13 12:14:09'),
(709, 27, 'Local', 'M.Naveed Butt', 139, 160.00, 2, 320.00, '2026-05-13', '2026-05-13 12:14:09'),
(710, 27, 'Local', 'M.Naveed Butt', 144, 135.00, 10, 1350.00, '2026-05-13', '2026-05-13 12:14:09');

-- --------------------------------------------------------

--
-- Table structure for table `dispatch_second`
--

CREATE TABLE `dispatch_second` (
  `id` int(11) NOT NULL,
  `agent_id` int(11) DEFAULT NULL,
  `city` varchar(100) DEFAULT NULL,
  `salesman_name` varchar(200) DEFAULT NULL,
  `item_id` int(11) DEFAULT NULL,
  `rate` decimal(10,2) DEFAULT 0.00,
  `quantity` int(11) DEFAULT 0,
  `amount` decimal(12,2) DEFAULT 0.00,
  `dispatch_date` date DEFAULT NULL,
  `entry_date` timestamp NOT NULL DEFAULT current_timestamp()
) ENGINE=InnoDB DEFAULT CHARSET=latin1 COLLATE=latin1_swedish_ci;

--
-- Dumping data for table `dispatch_second`
--

INSERT INTO `dispatch_second` (`id`, `agent_id`, `city`, `salesman_name`, `item_id`, `rate`, `quantity`, `amount`, `dispatch_date`, `entry_date`) VALUES
(1, 27, 'Local', 'M.Nadeem', 180, 275.00, 25, 6875.00, '2026-05-09', '2026-05-09 07:18:25'),
(2, 27, 'Local', 'M.Nadeem', 177, 90.00, 6, 540.00, '2026-05-09', '2026-05-09 07:18:25'),
(3, 27, 'Local', 'M.Nadeem', 175, 140.00, 20, 2800.00, '2026-05-09', '2026-05-09 07:18:25'),
(4, 27, 'Local', 'M.Nadeem', 185, 100.00, 85, 8500.00, '2026-05-09', '2026-05-09 07:18:25'),
(5, 27, 'Local', 'M.Nadeem', 186, 100.00, 30, 3000.00, '2026-05-09', '2026-05-09 07:18:25'),
(6, 27, 'Local', 'M.Nadeem', 102, 40.00, 792, 31680.00, '2026-05-09', '2026-05-09 07:18:25'),
(7, 27, 'Local', 'Muhammad Ali (Distributor)', 180, 275.00, 5, 1375.00, '2026-05-09', '2026-05-09 07:32:22'),
(8, 27, 'Local', 'Muhammad Ali (Distributor)', 187, 100.00, 54, 5400.00, '2026-05-09', '2026-05-09 07:32:22'),
(9, 27, 'Local', 'Muhammad Ali (Distributor)', 175, 140.00, 15, 2100.00, '2026-05-09', '2026-05-09 07:32:22'),
(10, 27, 'Local', 'Muhammad Ali (Distributor)', 169, 120.00, 2, 240.00, '2026-05-09', '2026-05-09 07:32:22'),
(11, 27, 'Local', 'Muhammad Ali (Distributor)', 181, 70.00, 4, 280.00, '2026-05-09', '2026-05-09 07:32:22'),
(12, 27, 'Local', 'Muhammad Ali (Distributor)', 154, 105.00, 10, 1050.00, '2026-05-09', '2026-05-09 07:32:22'),
(13, 27, 'Local', 'Muhammad Ali (Distributor)', 156, 135.00, 30, 4050.00, '2026-05-09', '2026-05-09 07:32:22'),
(14, 27, 'Local', 'Muhammad Ali (Distributor)', 185, 100.00, 36, 3600.00, '2026-05-09', '2026-05-09 07:32:22'),
(15, 27, 'Local', 'Muhammad Ali (Distributor)', 186, 100.00, 24, 2400.00, '2026-05-09', '2026-05-09 07:32:22'),
(16, 27, 'Local', 'Muhammad Ali (Distributor)', 102, 40.00, 252, 10080.00, '2026-05-09', '2026-05-09 07:32:22'),
(17, 1, 'Head Office', 'M.Nadeem', 144, 135.00, 6, 810.00, '2026-05-09', '2026-05-09 12:16:02'),
(21, 1, 'Head Office', 'M.Naveed Butt', 102, 40.00, 216, 8640.00, '2026-05-09', '2026-05-11 06:30:24'),
(22, 1, 'Head Office', 'M.Naveed Butt', 152, 170.00, 8, 1360.00, '2026-05-09', '2026-05-11 06:30:24'),
(23, 1, 'Head Office', 'M.Naveed Butt', 153, 105.00, 5, 525.00, '2026-05-09', '2026-05-11 06:30:24'),
(24, 1, 'Head Office', 'M.Naveed Butt', 156, 135.00, 28, 3780.00, '2026-05-09', '2026-05-11 06:30:24'),
(25, 1, 'Head Office', 'M.Naveed Butt', 164, 120.00, 10, 1200.00, '2026-05-09', '2026-05-11 06:30:24'),
(26, 1, 'Head Office', 'M.Naveed Butt', 175, 140.00, 12, 1680.00, '2026-05-09', '2026-05-11 06:30:24'),
(27, 1, 'Head Office', 'M.Naveed Butt', 178, 260.00, 5, 1300.00, '2026-05-09', '2026-05-11 06:30:24'),
(28, 27, 'Local', 'M.Naveed Butt', 102, 40.00, 216, 8640.00, '2026-05-09', '2026-05-11 06:38:48'),
(29, 27, 'Local', 'M.Naveed Butt', 152, 170.00, 8, 1360.00, '2026-05-09', '2026-05-11 06:38:48'),
(30, 27, 'Local', 'M.Naveed Butt', 153, 105.00, 5, 525.00, '2026-05-09', '2026-05-11 06:38:48'),
(31, 27, 'Local', 'M.Naveed Butt', 156, 135.00, 28, 3780.00, '2026-05-09', '2026-05-11 06:38:48'),
(32, 27, 'Local', 'M.Naveed Butt', 164, 120.00, 10, 1200.00, '2026-05-09', '2026-05-11 06:38:48'),
(33, 27, 'Local', 'M.Naveed Butt', 175, 140.00, 12, 1680.00, '2026-05-09', '2026-05-11 06:38:48'),
(34, 27, 'Local', 'M.Naveed Butt', 178, 260.00, 5, 1300.00, '2026-05-09', '2026-05-11 06:38:48'),
(35, 27, 'Local', 'M.Shahbaz', 102, 40.00, 144, 5760.00, '2026-05-09', '2026-05-11 07:01:53'),
(36, 27, 'Local', 'M.Shahbaz', 152, 170.00, 5, 850.00, '2026-05-09', '2026-05-11 07:01:53'),
(37, 27, 'Local', 'M.Shahbaz', 153, 105.00, 16, 1680.00, '2026-05-09', '2026-05-11 07:01:53'),
(38, 27, 'Local', 'M.Shahbaz', 156, 135.00, 15, 2025.00, '2026-05-09', '2026-05-11 07:01:53'),
(39, 27, 'Local', 'M.Shahbaz', 164, 120.00, 4, 480.00, '2026-05-09', '2026-05-11 07:01:53'),
(40, 27, 'Local', 'M.Shahbaz', 171, 150.00, 4, 600.00, '2026-05-09', '2026-05-11 07:01:53'),
(41, 27, 'Local', 'M.Shahbaz', 175, 140.00, 10, 1400.00, '2026-05-09', '2026-05-11 07:01:53'),
(42, 27, 'Local', 'M.Shahbaz', 178, 260.00, 6, 1560.00, '2026-05-09', '2026-05-11 07:01:53'),
(43, 27, 'Local', 'M.Nadeem', 102, 40.00, 828, 33120.00, '2026-05-01', '2026-05-12 07:45:14'),
(44, 27, 'Local', 'M.Nadeem', 175, 140.00, 20, 2800.00, '2026-05-01', '2026-05-12 07:45:14'),
(45, 27, 'Local', 'M.Nadeem', 177, 90.00, 12, 1080.00, '2026-05-01', '2026-05-12 07:45:14'),
(46, 27, 'Local', 'M.Nadeem', 180, 275.00, 20, 5500.00, '2026-05-01', '2026-05-12 07:45:14'),
(47, 27, 'Local', 'M.Nadeem', 185, 100.00, 115, 11500.00, '2026-05-01', '2026-05-12 07:45:14'),
(48, 27, 'Local', 'M.Nadeem', 186, 100.00, 30, 3000.00, '2026-05-01', '2026-05-12 07:45:14'),
(49, 27, 'Local', 'M Ali (Dealer)', 102, 40.00, 288, 11520.00, '2026-05-01', '2026-05-12 07:52:14'),
(50, 27, 'Local', 'M Ali (Dealer)', 153, 105.00, 10, 1050.00, '2026-05-01', '2026-05-12 07:52:14'),
(51, 27, 'Local', 'M Ali (Dealer)', 156, 135.00, 30, 4050.00, '2026-05-01', '2026-05-12 07:52:14'),
(52, 27, 'Local', 'M Ali (Dealer)', 170, 75.00, 6, 450.00, '2026-05-01', '2026-05-12 07:52:14'),
(53, 27, 'Local', 'M Ali (Dealer)', 175, 140.00, 12, 1680.00, '2026-05-01', '2026-05-12 07:52:14'),
(54, 27, 'Local', 'M Ali (Dealer)', 177, 90.00, 6, 540.00, '2026-05-01', '2026-05-12 07:52:14'),
(55, 27, 'Local', 'M Ali (Dealer)', 180, 275.00, 5, 1375.00, '2026-05-01', '2026-05-12 07:52:14'),
(56, 27, 'Local', 'M Ali (Dealer)', 185, 100.00, 24, 2400.00, '2026-05-01', '2026-05-12 07:52:14'),
(57, 27, 'Local', 'M Ali (Dealer)', 186, 100.00, 48, 4800.00, '2026-05-01', '2026-05-12 07:52:14'),
(58, 27, 'Local', 'Tanveer Ahmed', 102, 40.00, 360, 14400.00, '2026-05-01', '2026-05-12 07:59:34'),
(59, 27, 'Local', 'Tanveer Ahmed', 152, 170.00, 20, 3400.00, '2026-05-01', '2026-05-12 07:59:34'),
(60, 27, 'Local', 'Tanveer Ahmed', 171, 150.00, 5, 750.00, '2026-05-01', '2026-05-12 07:59:34'),
(61, 27, 'Local', 'Tanveer Ahmed', 180, 275.00, 15, 4125.00, '2026-05-01', '2026-05-12 07:59:34'),
(62, 27, 'Local', 'Tanveer Ahmed', 185, 100.00, 378, 37800.00, '2026-05-01', '2026-05-12 07:59:34'),
(63, 27, 'Local', 'Tanveer Ahmed', 186, 100.00, 18, 1800.00, '2026-05-01', '2026-05-12 07:59:34'),
(64, 27, 'Local', 'Tanveer Ahmed', 188, 100.00, 24, 2400.00, '2026-05-01', '2026-05-12 07:59:34'),
(65, 27, 'Local', 'Tanveer Ahmed', 154, 105.00, 100, 10500.00, '2026-05-01', '2026-05-12 07:59:34'),
(66, 27, 'Local', 'Bariz', 102, 40.00, 216, 8640.00, '2026-05-01', '2026-05-12 08:11:14'),
(67, 27, 'Local', 'Bariz', 152, 170.00, 3, 510.00, '2026-05-01', '2026-05-12 08:11:14'),
(68, 27, 'Local', 'Bariz', 156, 135.00, 10, 1350.00, '2026-05-01', '2026-05-12 08:11:14'),
(69, 27, 'Local', 'Bariz', 171, 150.00, 2, 300.00, '2026-05-01', '2026-05-12 08:11:14'),
(70, 27, 'Local', 'Bariz', 175, 140.00, 5, 700.00, '2026-05-01', '2026-05-12 08:11:14'),
(71, 27, 'Local', 'Bariz', 178, 260.00, 5, 1300.00, '2026-05-01', '2026-05-12 08:11:14'),
(72, 27, 'Local', 'M.Naeem Akhtar', 102, 40.00, 396, 15840.00, '2026-05-01', '2026-05-12 08:19:56'),
(73, 27, 'Local', 'M.Naeem Akhtar', 152, 170.00, 2, 340.00, '2026-05-01', '2026-05-12 08:19:56'),
(74, 27, 'Local', 'M.Naeem Akhtar', 156, 135.00, 10, 1350.00, '2026-05-01', '2026-05-12 08:19:56'),
(75, 27, 'Local', 'M.Naeem Akhtar', 171, 150.00, 3, 450.00, '2026-05-01', '2026-05-12 08:19:56'),
(76, 27, 'Local', 'M.Naeem Akhtar', 175, 140.00, 19, 2660.00, '2026-05-01', '2026-05-12 08:19:56'),
(77, 27, 'Local', 'M.Naeem Akhtar', 178, 260.00, 6, 1560.00, '2026-05-01', '2026-05-12 08:19:56'),
(78, 27, 'Local', 'M.Naveed Butt', 102, 40.00, 252, 10080.00, '2026-05-01', '2026-05-12 08:36:20'),
(79, 27, 'Local', 'M.Naveed Butt', 152, 170.00, 15, 2550.00, '2026-05-01', '2026-05-12 08:36:20'),
(80, 27, 'Local', 'M.Naveed Butt', 156, 135.00, 30, 4050.00, '2026-05-01', '2026-05-12 08:36:20'),
(81, 27, 'Local', 'M.Naveed Butt', 164, 120.00, 6, 720.00, '2026-05-01', '2026-05-12 08:36:20'),
(82, 27, 'Local', 'M.Naveed Butt', 175, 140.00, 12, 1680.00, '2026-05-01', '2026-05-12 08:36:20'),
(83, 27, 'Local', 'M.Naveed Butt', 178, 260.00, 10, 2600.00, '2026-05-01', '2026-05-12 08:36:20'),
(84, 27, 'Local', 'M.Naveed Butt', 180, 275.00, 2, 550.00, '2026-05-01', '2026-05-12 08:36:20'),
(85, 27, 'Local', 'M.Shahbaz', 102, 40.00, 252, 10080.00, '2026-05-01', '2026-05-12 08:42:26'),
(86, 27, 'Local', 'M.Shahbaz', 152, 170.00, 5, 850.00, '2026-05-01', '2026-05-12 08:42:26'),
(87, 27, 'Local', 'M.Shahbaz', 156, 135.00, 20, 2700.00, '2026-05-01', '2026-05-12 08:42:26'),
(88, 27, 'Local', 'M.Shahbaz', 164, 120.00, 4, 480.00, '2026-05-01', '2026-05-12 08:42:26'),
(89, 27, 'Local', 'M.Shahbaz', 171, 150.00, 4, 600.00, '2026-05-01', '2026-05-12 08:42:26'),
(90, 27, 'Local', 'M.Shahbaz', 175, 140.00, 12, 1680.00, '2026-05-01', '2026-05-12 08:42:26'),
(91, 27, 'Local', 'M.Shahbaz', 178, 260.00, 6, 1560.00, '2026-05-01', '2026-05-12 08:42:26'),
(92, 27, 'Local', 'M.Shahbaz', 154, 105.00, 10, 1050.00, '2026-05-01', '2026-05-12 08:42:27'),
(93, 27, 'Local', 'Kashif Ali', 102, 40.00, 180, 7200.00, '2026-05-01', '2026-05-12 08:45:56'),
(94, 27, 'Local', 'Kashif Ali', 156, 135.00, 8, 1080.00, '2026-05-01', '2026-05-12 08:45:56'),
(95, 27, 'Local', 'Kashif Ali', 165, 105.00, 2, 210.00, '2026-05-01', '2026-05-12 08:45:56'),
(96, 27, 'Local', 'Kashif Ali', 171, 150.00, 2, 300.00, '2026-05-01', '2026-05-12 08:45:56'),
(97, 27, 'Local', 'Kashif Ali', 175, 140.00, 10, 1400.00, '2026-05-01', '2026-05-12 08:45:56'),
(98, 27, 'Local', 'Kashif Ali', 177, 90.00, 8, 720.00, '2026-05-01', '2026-05-12 08:45:56'),
(99, 27, 'Local', 'Kashif Ali', 186, 100.00, 8, 800.00, '2026-05-01', '2026-05-12 08:45:56'),
(100, 27, 'Local', 'Kashif Ali', 187, 100.00, 10, 1000.00, '2026-05-01', '2026-05-12 08:45:56'),
(101, 27, 'Local', 'Shounaiz', 102, 40.00, 180, 7200.00, '2026-05-01', '2026-05-12 08:55:04'),
(102, 27, 'Local', 'Shounaiz', 152, 170.00, 6, 1020.00, '2026-05-01', '2026-05-12 08:55:04'),
(103, 27, 'Local', 'Shounaiz', 156, 135.00, 12, 1620.00, '2026-05-01', '2026-05-12 08:55:04'),
(104, 27, 'Local', 'Shounaiz', 164, 120.00, 8, 960.00, '2026-05-01', '2026-05-12 08:55:04'),
(105, 27, 'Local', 'Shounaiz', 167, 150.00, 8, 1200.00, '2026-05-01', '2026-05-12 08:55:04'),
(106, 27, 'Local', 'Shounaiz', 169, 120.00, 2, 240.00, '2026-05-01', '2026-05-12 08:55:04'),
(107, 27, 'Local', 'Shounaiz', 175, 140.00, 24, 3360.00, '2026-05-01', '2026-05-12 08:55:04'),
(108, 27, 'Local', 'Shounaiz', 177, 90.00, 4, 360.00, '2026-05-01', '2026-05-12 08:55:04'),
(109, 27, 'Local', 'Shounaiz', 181, 70.00, 2, 140.00, '2026-05-01', '2026-05-12 08:55:04'),
(110, 27, 'Local', 'Shounaiz', 154, 105.00, 16, 1680.00, '2026-05-01', '2026-05-12 08:55:04'),
(111, 27, 'Local', 'M.Imran', 102, 40.00, 180, 7200.00, '2026-05-01', '2026-05-12 08:59:18'),
(112, 27, 'Local', 'M.Imran', 151, 120.00, 3, 360.00, '2026-05-01', '2026-05-12 08:59:18'),
(113, 27, 'Local', 'M.Imran', 152, 170.00, 5, 850.00, '2026-05-01', '2026-05-12 08:59:18'),
(114, 27, 'Local', 'M.Imran', 156, 135.00, 15, 2025.00, '2026-05-01', '2026-05-12 08:59:18'),
(115, 27, 'Local', 'M.Imran', 175, 140.00, 5, 700.00, '2026-05-01', '2026-05-12 08:59:18'),
(116, 27, 'Local', 'M.Imran', 178, 260.00, 2, 520.00, '2026-05-01', '2026-05-12 08:59:18'),
(117, 27, 'Local', 'M.Imran', 180, 275.00, 1, 275.00, '2026-05-01', '2026-05-12 08:59:18'),
(118, 27, 'Local', 'M.Hafeez', 102, 40.00, 144, 5760.00, '2026-05-01', '2026-05-12 09:08:15'),
(119, 27, 'Local', 'M.Hafeez', 152, 170.00, 5, 850.00, '2026-05-01', '2026-05-12 09:08:15'),
(120, 27, 'Local', 'M.Hafeez', 171, 150.00, 5, 750.00, '2026-05-01', '2026-05-12 09:08:15'),
(121, 27, 'Local', 'M.Hafeez', 175, 140.00, 10, 1400.00, '2026-05-01', '2026-05-12 09:08:15'),
(122, 27, 'Local', 'M.Hafeez', 177, 90.00, 4, 360.00, '2026-05-01', '2026-05-12 09:08:15'),
(123, 27, 'Local', 'M.Hafeez', 178, 260.00, 4, 1040.00, '2026-05-01', '2026-05-12 09:08:15'),
(124, 27, 'Local', 'M.Hafeez', 181, 70.00, 4, 280.00, '2026-05-01', '2026-05-12 09:08:15'),
(125, 27, 'Local', 'M.Hafeez', 185, 100.00, 20, 2000.00, '2026-05-01', '2026-05-12 09:08:15'),
(126, 27, 'Local', 'M.Hafeez', 154, 105.00, 25, 2625.00, '2026-05-01', '2026-05-12 09:08:15'),
(127, 27, 'Local', 'Muneeb', 102, 40.00, 108, 4320.00, '2026-05-01', '2026-05-12 09:26:30'),
(128, 27, 'Local', 'Muneeb', 152, 170.00, 6, 1020.00, '2026-05-01', '2026-05-12 09:26:30'),
(129, 27, 'Local', 'Muneeb', 164, 120.00, 4, 480.00, '2026-05-01', '2026-05-12 09:26:30'),
(130, 27, 'Local', 'Muneeb', 171, 150.00, 4, 600.00, '2026-05-01', '2026-05-12 09:26:30'),
(131, 27, 'Local', 'Muneeb', 175, 140.00, 30, 4200.00, '2026-05-01', '2026-05-12 09:26:30'),
(132, 27, 'Local', 'Muneeb', 177, 90.00, 6, 540.00, '2026-05-01', '2026-05-12 09:26:30'),
(133, 27, 'Local', 'Muneeb', 180, 275.00, 4, 1100.00, '2026-05-01', '2026-05-12 09:26:30'),
(134, 27, 'Local', 'Muneeb', 154, 105.00, 20, 2100.00, '2026-05-01', '2026-05-12 09:26:30'),
(135, 27, 'Local', 'Muhammad Yaqoob', 102, 40.00, 144, 5760.00, '2026-05-01', '2026-05-12 09:31:45'),
(136, 27, 'Local', 'Muhammad Yaqoob', 152, 170.00, 5, 850.00, '2026-05-01', '2026-05-12 09:31:45'),
(137, 27, 'Local', 'Muhammad Yaqoob', 164, 120.00, 4, 480.00, '2026-05-01', '2026-05-12 09:31:45'),
(138, 27, 'Local', 'Muhammad Yaqoob', 169, 120.00, 3, 360.00, '2026-05-01', '2026-05-12 09:31:45'),
(139, 27, 'Local', 'Muhammad Yaqoob', 171, 150.00, 6, 900.00, '2026-05-01', '2026-05-12 09:31:45'),
(140, 27, 'Local', 'Muhammad Yaqoob', 175, 140.00, 10, 1400.00, '2026-05-01', '2026-05-12 09:31:45'),
(141, 27, 'Local', 'Muhammad Yaqoob', 177, 90.00, 6, 540.00, '2026-05-01', '2026-05-12 09:31:45'),
(142, 27, 'Local', 'Muhammad Yaqoob', 180, 275.00, 4, 1100.00, '2026-05-01', '2026-05-12 09:31:45'),
(143, 27, 'Local', 'Muhammad Yaqoob', 185, 100.00, 10, 1000.00, '2026-05-01', '2026-05-12 09:31:45'),
(144, 27, 'Local', 'Muhammad Yaqoob', 186, 100.00, 5, 500.00, '2026-05-01', '2026-05-12 09:31:45'),
(145, 27, 'Local', 'Muhammad Yaqoob', 187, 100.00, 18, 1800.00, '2026-05-01', '2026-05-12 09:31:45'),
(146, 27, 'Local', 'Muhammad Yaqoob', 154, 105.00, 10, 1050.00, '2026-05-01', '2026-05-12 09:31:45'),
(147, 27, 'Local', 'Mujeeb', 102, 40.00, 72, 2880.00, '2026-05-01', '2026-05-12 09:42:41'),
(148, 27, 'Local', 'Mujeeb', 156, 135.00, 3, 405.00, '2026-05-01', '2026-05-12 09:42:41'),
(149, 27, 'Local', 'Mujeeb', 167, 150.00, 18, 2700.00, '2026-05-01', '2026-05-12 09:42:41'),
(150, 27, 'Local', 'Mujeeb', 170, 75.00, 6, 450.00, '2026-05-01', '2026-05-12 09:42:41'),
(151, 27, 'Local', 'Mujeeb', 172, 200.00, 5, 1000.00, '2026-05-01', '2026-05-12 09:42:41'),
(152, 27, 'Local', 'Mujeeb', 173, 75.00, 6, 450.00, '2026-05-01', '2026-05-12 09:42:41'),
(153, 27, 'Local', 'Mujeeb', 175, 140.00, 10, 1400.00, '2026-05-01', '2026-05-12 09:42:41'),
(154, 27, 'Local', 'Mujeeb', 177, 90.00, 10, 900.00, '2026-05-01', '2026-05-12 09:42:41'),
(155, 27, 'Local', 'Mujeeb', 185, 100.00, 15, 1500.00, '2026-05-01', '2026-05-12 09:42:41'),
(156, 27, 'Local', 'Mujeeb', 198, 600.00, 2, 1200.00, '2026-05-01', '2026-05-12 09:42:41'),
(157, 27, 'Local', 'Mujeeb', 154, 105.00, 5, 525.00, '2026-05-01', '2026-05-12 09:42:41'),
(158, 27, 'Local', 'M.Nadeem', 102, 40.00, 720, 28800.00, '2026-05-02', '2026-05-13 09:07:11'),
(159, 27, 'Local', 'M.Nadeem', 151, 120.00, 5, 600.00, '2026-05-02', '2026-05-13 09:07:11'),
(160, 27, 'Local', 'M.Nadeem', 167, 150.00, 6, 900.00, '2026-05-02', '2026-05-13 09:07:11'),
(161, 27, 'Local', 'M.Nadeem', 177, 90.00, 18, 1620.00, '2026-05-02', '2026-05-13 09:07:11'),
(162, 27, 'Local', 'M.Nadeem', 178, 260.00, 20, 5200.00, '2026-05-02', '2026-05-13 09:07:11'),
(163, 27, 'Local', 'M.Nadeem', 180, 275.00, 45, 12375.00, '2026-05-02', '2026-05-13 09:07:12'),
(164, 27, 'Local', 'M.Nadeem', 185, 100.00, 236, 23600.00, '2026-05-02', '2026-05-13 09:07:12'),
(165, 27, 'Local', 'M.Nadeem', 186, 100.00, 24, 2400.00, '2026-05-02', '2026-05-13 09:07:12'),
(166, 27, 'Local', 'Mujeeb', 167, 150.00, 16, 2400.00, '2026-05-02', '2026-05-13 09:14:43'),
(167, 27, 'Local', 'Mujeeb', 173, 75.00, 12, 900.00, '2026-05-02', '2026-05-13 09:14:43'),
(168, 27, 'Local', 'Mujeeb', 174, 155.00, 5, 775.00, '2026-05-02', '2026-05-13 09:14:43'),
(169, 27, 'Local', 'Mujeeb', 175, 140.00, 10, 1400.00, '2026-05-02', '2026-05-13 09:14:43'),
(170, 27, 'Local', 'Mujeeb', 177, 90.00, 15, 1350.00, '2026-05-02', '2026-05-13 09:14:43'),
(171, 27, 'Local', 'M Ali (Dealer)', 102, 40.00, 468, 18720.00, '2026-05-02', '2026-05-13 09:22:50'),
(172, 27, 'Local', 'M Ali (Dealer)', 156, 135.00, 60, 8100.00, '2026-05-02', '2026-05-13 09:22:50'),
(173, 27, 'Local', 'M Ali (Dealer)', 167, 150.00, 34, 5100.00, '2026-05-02', '2026-05-13 09:22:50'),
(174, 27, 'Local', 'M Ali (Dealer)', 175, 140.00, 20, 2800.00, '2026-05-02', '2026-05-13 09:22:50'),
(175, 27, 'Local', 'M Ali (Dealer)', 177, 90.00, 12, 1080.00, '2026-05-02', '2026-05-13 09:22:50'),
(176, 27, 'Local', 'M Ali (Dealer)', 178, 260.00, 15, 3900.00, '2026-05-02', '2026-05-13 09:22:50'),
(177, 27, 'Local', 'M Ali (Dealer)', 180, 275.00, 20, 5500.00, '2026-05-02', '2026-05-13 09:22:50'),
(178, 27, 'Local', 'M Ali (Dealer)', 185, 100.00, 36, 3600.00, '2026-05-02', '2026-05-13 09:22:50'),
(179, 27, 'Local', 'M Ali (Dealer)', 186, 100.00, 30, 3000.00, '2026-05-02', '2026-05-13 09:22:50'),
(180, 27, 'Local', 'M Ali (Dealer)', 187, 100.00, 72, 7200.00, '2026-05-02', '2026-05-13 09:22:50'),
(181, 27, 'Local', 'M Ali (Dealer)', 154, 105.00, 10, 1050.00, '2026-05-02', '2026-05-13 09:22:50'),
(182, 27, 'Local', 'Tanveer Ahmed', 102, 40.00, 396, 15840.00, '2026-05-02', '2026-05-13 09:31:43'),
(183, 27, 'Local', 'Tanveer Ahmed', 151, 120.00, 10, 1200.00, '2026-05-02', '2026-05-13 09:31:43'),
(184, 27, 'Local', 'Tanveer Ahmed', 152, 170.00, 18, 3060.00, '2026-05-02', '2026-05-13 09:31:43'),
(185, 27, 'Local', 'Tanveer Ahmed', 164, 120.00, 8, 960.00, '2026-05-02', '2026-05-13 09:31:43'),
(186, 27, 'Local', 'Tanveer Ahmed', 169, 120.00, 8, 960.00, '2026-05-02', '2026-05-13 09:31:43'),
(187, 27, 'Local', 'Tanveer Ahmed', 171, 150.00, 5, 750.00, '2026-05-02', '2026-05-13 09:31:43'),
(188, 27, 'Local', 'Tanveer Ahmed', 172, 200.00, 6, 1200.00, '2026-05-02', '2026-05-13 09:31:43'),
(189, 27, 'Local', 'Tanveer Ahmed', 175, 140.00, 20, 2800.00, '2026-05-02', '2026-05-13 09:31:43'),
(190, 27, 'Local', 'Tanveer Ahmed', 180, 275.00, 28, 7700.00, '2026-05-02', '2026-05-13 09:31:43'),
(191, 27, 'Local', 'Tanveer Ahmed', 185, 100.00, 396, 39600.00, '2026-05-02', '2026-05-13 09:31:43'),
(192, 27, 'Local', 'Tanveer Ahmed', 186, 100.00, 18, 1800.00, '2026-05-02', '2026-05-13 09:31:43'),
(193, 27, 'Local', 'Tanveer Ahmed', 188, 100.00, 36, 3600.00, '2026-05-02', '2026-05-13 09:31:43'),
(194, 27, 'Local', 'Tanveer Ahmed', 154, 105.00, 10, 1050.00, '2026-05-02', '2026-05-13 09:31:43'),
(195, 27, 'Local', 'Bariz', 102, 40.00, 180, 7200.00, '2026-05-02', '2026-05-13 09:50:39'),
(196, 27, 'Local', 'Bariz', 152, 170.00, 3, 510.00, '2026-05-02', '2026-05-13 09:50:39'),
(197, 27, 'Local', 'Bariz', 156, 135.00, 20, 2700.00, '2026-05-02', '2026-05-13 09:50:39'),
(198, 27, 'Local', 'Bariz', 170, 75.00, 6, 450.00, '2026-05-02', '2026-05-13 09:50:39'),
(199, 27, 'Local', 'Bariz', 175, 140.00, 5, 700.00, '2026-05-02', '2026-05-13 09:50:39'),
(200, 27, 'Local', 'Bariz', 177, 90.00, 4, 360.00, '2026-05-02', '2026-05-13 09:50:39'),
(201, 27, 'Local', 'Bariz', 178, 260.00, 5, 1300.00, '2026-05-02', '2026-05-13 09:50:39'),
(202, 27, 'Local', 'Bariz', 180, 275.00, 2, 550.00, '2026-05-02', '2026-05-13 09:50:39'),
(203, 27, 'Local', 'M.Naeem Akhtar', 102, 40.00, 360, 14400.00, '2026-05-02', '2026-05-13 09:52:51'),
(204, 27, 'Local', 'M.Naeem Akhtar', 152, 170.00, 1, 170.00, '2026-05-02', '2026-05-13 09:52:51'),
(205, 27, 'Local', 'M.Naeem Akhtar', 156, 135.00, 4, 540.00, '2026-05-02', '2026-05-13 09:52:51'),
(206, 27, 'Local', 'M.Naeem Akhtar', 171, 150.00, 4, 600.00, '2026-05-02', '2026-05-13 09:52:51'),
(207, 27, 'Local', 'M.Naeem Akhtar', 175, 140.00, 4, 560.00, '2026-05-02', '2026-05-13 09:52:51'),
(208, 27, 'Local', 'M.Naeem Akhtar', 178, 260.00, 10, 2600.00, '2026-05-02', '2026-05-13 09:52:51'),
(209, 27, 'Local', 'M.Naveed Butt', 102, 40.00, 180, 7200.00, '2026-05-02', '2026-05-13 10:00:13'),
(210, 27, 'Local', 'M.Naveed Butt', 156, 135.00, 10, 1350.00, '2026-05-02', '2026-05-13 10:00:13'),
(211, 27, 'Local', 'M.Naveed Butt', 164, 120.00, 5, 600.00, '2026-05-02', '2026-05-13 10:00:13'),
(212, 27, 'Local', 'M.Naveed Butt', 167, 150.00, 5, 750.00, '2026-05-02', '2026-05-13 10:00:13'),
(213, 27, 'Local', 'M.Naveed Butt', 175, 140.00, 10, 1400.00, '2026-05-02', '2026-05-13 10:00:13'),
(214, 27, 'Local', 'M.Naveed Butt', 177, 90.00, 10, 900.00, '2026-05-02', '2026-05-13 10:00:13'),
(215, 27, 'Local', 'M.Naveed Butt', 178, 260.00, 15, 3900.00, '2026-05-02', '2026-05-13 10:00:13'),
(216, 27, 'Local', 'M.Shahbaz', 102, 40.00, 231, 9240.00, '2026-05-02', '2026-05-13 10:01:56'),
(217, 27, 'Local', 'M.Shahbaz', 152, 170.00, 5, 850.00, '2026-05-02', '2026-05-13 10:01:56'),
(218, 27, 'Local', 'M.Shahbaz', 156, 135.00, 10, 1350.00, '2026-05-02', '2026-05-13 10:01:56'),
(219, 27, 'Local', 'M.Shahbaz', 164, 120.00, 4, 480.00, '2026-05-02', '2026-05-13 10:01:56'),
(220, 27, 'Local', 'M.Shahbaz', 171, 150.00, 4, 600.00, '2026-05-02', '2026-05-13 10:01:56'),
(221, 27, 'Local', 'M.Shahbaz', 175, 140.00, 15, 2100.00, '2026-05-02', '2026-05-13 10:01:56'),
(222, 27, 'Local', 'M.Shahbaz', 178, 260.00, 4, 1040.00, '2026-05-02', '2026-05-13 10:01:56'),
(223, 27, 'Local', 'M.Shahbaz', 154, 105.00, 10, 1050.00, '2026-05-02', '2026-05-13 10:01:56'),
(224, 27, 'Local', 'Kashif Ali', 102, 40.00, 180, 7200.00, '2026-05-02', '2026-05-13 10:10:06'),
(225, 27, 'Local', 'Kashif Ali', 156, 135.00, 5, 675.00, '2026-05-02', '2026-05-13 10:10:06'),
(226, 27, 'Local', 'Kashif Ali', 180, 275.00, 8, 2200.00, '2026-05-02', '2026-05-13 10:10:06'),
(227, 27, 'Local', 'Kashif Ali', 186, 100.00, 10, 1000.00, '2026-05-02', '2026-05-13 10:10:06'),
(228, 27, 'Local', 'Kashif Ali', 188, 100.00, 5, 500.00, '2026-05-02', '2026-05-13 10:10:06'),
(229, 27, 'Local', 'Kashif Ali', 154, 105.00, 5, 525.00, '2026-05-02', '2026-05-13 10:10:06'),
(230, 27, 'Local', 'Shounaiz', 102, 40.00, 180, 7200.00, '2026-05-02', '2026-05-13 10:15:00'),
(231, 27, 'Local', 'Shounaiz', 152, 170.00, 6, 1020.00, '2026-05-02', '2026-05-13 10:15:00'),
(232, 27, 'Local', 'Shounaiz', 156, 135.00, 20, 2700.00, '2026-05-02', '2026-05-13 10:15:00'),
(233, 27, 'Local', 'Shounaiz', 164, 120.00, 4, 480.00, '2026-05-02', '2026-05-13 10:15:00'),
(234, 27, 'Local', 'Shounaiz', 167, 150.00, 4, 600.00, '2026-05-02', '2026-05-13 10:15:00'),
(235, 27, 'Local', 'Shounaiz', 173, 75.00, 6, 450.00, '2026-05-02', '2026-05-13 10:15:00'),
(236, 27, 'Local', 'Shounaiz', 175, 140.00, 6, 840.00, '2026-05-02', '2026-05-13 10:15:00'),
(237, 27, 'Local', 'Shounaiz', 177, 90.00, 4, 360.00, '2026-05-02', '2026-05-13 10:15:00'),
(238, 27, 'Local', 'Shounaiz', 154, 105.00, 16, 1680.00, '2026-05-02', '2026-05-13 10:15:00'),
(239, 27, 'Local', 'M.Imran', 102, 40.00, 72, 2880.00, '2026-05-02', '2026-05-13 10:48:03'),
(240, 27, 'Local', 'M.Imran', 152, 170.00, 3, 510.00, '2026-05-02', '2026-05-13 10:48:03'),
(241, 27, 'Local', 'M.Imran', 156, 135.00, 15, 2025.00, '2026-05-02', '2026-05-13 10:48:03'),
(242, 27, 'Local', 'M.Imran', 164, 120.00, 5, 600.00, '2026-05-02', '2026-05-13 10:48:03'),
(243, 27, 'Local', 'M.Imran', 175, 140.00, 10, 1400.00, '2026-05-02', '2026-05-13 10:48:03'),
(244, 27, 'Local', 'M.Imran', 177, 90.00, 6, 540.00, '2026-05-02', '2026-05-13 10:48:03'),
(245, 27, 'Local', 'M.Imran', 180, 275.00, 2, 550.00, '2026-05-02', '2026-05-13 10:48:03'),
(246, 27, 'Local', 'M.Hafeez', 102, 40.00, 108, 4320.00, '2026-05-02', '2026-05-13 10:50:43'),
(247, 27, 'Local', 'M.Hafeez', 152, 170.00, 3, 510.00, '2026-05-02', '2026-05-13 10:50:43'),
(248, 27, 'Local', 'M.Hafeez', 164, 120.00, 2, 240.00, '2026-05-02', '2026-05-13 10:50:43'),
(249, 27, 'Local', 'M.Hafeez', 171, 150.00, 2, 300.00, '2026-05-02', '2026-05-13 10:50:43'),
(250, 27, 'Local', 'M.Hafeez', 175, 140.00, 6, 840.00, '2026-05-02', '2026-05-13 10:50:43'),
(251, 27, 'Local', 'M.Hafeez', 178, 260.00, 3, 780.00, '2026-05-02', '2026-05-13 10:50:43'),
(252, 27, 'Local', 'M.Hafeez', 185, 100.00, 25, 2500.00, '2026-05-02', '2026-05-13 10:50:43'),
(253, 27, 'Local', 'M.Hafeez', 154, 105.00, 25, 2625.00, '2026-05-02', '2026-05-13 10:50:43'),
(254, 27, 'Local', 'Muneeb', 102, 40.00, 50, 2000.00, '2026-05-02', '2026-05-13 10:56:57'),
(255, 27, 'Local', 'Muneeb', 152, 170.00, 2, 340.00, '2026-05-02', '2026-05-13 10:56:57'),
(256, 27, 'Local', 'Muneeb', 164, 120.00, 2, 240.00, '2026-05-02', '2026-05-13 10:56:57'),
(257, 27, 'Local', 'Muneeb', 171, 150.00, 3, 450.00, '2026-05-02', '2026-05-13 10:56:57'),
(258, 27, 'Local', 'Muneeb', 175, 140.00, 30, 4200.00, '2026-05-02', '2026-05-13 10:56:57'),
(259, 27, 'Local', 'Muneeb', 177, 90.00, 5, 450.00, '2026-05-02', '2026-05-13 10:56:57'),
(260, 27, 'Local', 'Muneeb', 154, 105.00, 20, 2100.00, '2026-05-02', '2026-05-13 10:56:57'),
(261, 27, 'Local', 'Muhammad Yaqoob', 102, 40.00, 108, 4320.00, '2026-05-02', '2026-05-13 11:01:28'),
(262, 27, 'Local', 'Muhammad Yaqoob', 152, 170.00, 6, 1020.00, '2026-05-02', '2026-05-13 11:01:28'),
(263, 27, 'Local', 'Muhammad Yaqoob', 164, 120.00, 6, 720.00, '2026-05-02', '2026-05-13 11:01:28'),
(264, 27, 'Local', 'Muhammad Yaqoob', 165, 105.00, 2, 210.00, '2026-05-02', '2026-05-13 11:01:28'),
(265, 27, 'Local', 'Muhammad Yaqoob', 169, 120.00, 3, 360.00, '2026-05-02', '2026-05-13 11:01:28'),
(266, 27, 'Local', 'Muhammad Yaqoob', 170, 75.00, 6, 450.00, '2026-05-02', '2026-05-13 11:01:28'),
(267, 27, 'Local', 'Muhammad Yaqoob', 171, 150.00, 8, 1200.00, '2026-05-02', '2026-05-13 11:01:28'),
(268, 27, 'Local', 'Muhammad Yaqoob', 175, 140.00, 10, 1400.00, '2026-05-02', '2026-05-13 11:01:28'),
(269, 27, 'Local', 'Muhammad Yaqoob', 180, 275.00, 4, 1100.00, '2026-05-02', '2026-05-13 11:01:28'),
(270, 27, 'Local', 'Muhammad Yaqoob', 154, 105.00, 10, 1050.00, '2026-05-02', '2026-05-13 11:01:28'),
(271, 27, 'Local', 'Mujeeb', 102, 40.00, 72, 2880.00, '2026-05-13', '2026-05-13 11:16:27'),
(272, 27, 'Local', 'Mujeeb', 164, 120.00, 3, 360.00, '2026-05-13', '2026-05-13 11:16:27'),
(273, 27, 'Local', 'Mujeeb', 165, 105.00, 5, 525.00, '2026-05-13', '2026-05-13 11:16:27'),
(274, 27, 'Local', 'Mujeeb', 167, 150.00, 11, 1650.00, '2026-05-13', '2026-05-13 11:16:27'),
(275, 27, 'Local', 'Mujeeb', 171, 150.00, 5, 750.00, '2026-05-13', '2026-05-13 11:16:27'),
(276, 27, 'Local', 'Mujeeb', 173, 75.00, 6, 450.00, '2026-05-13', '2026-05-13 11:16:27'),
(277, 27, 'Local', 'Mujeeb', 174, 155.00, 10, 1550.00, '2026-05-13', '2026-05-13 11:16:27'),
(278, 27, 'Local', 'Mujeeb', 175, 140.00, 10, 1400.00, '2026-05-13', '2026-05-13 11:16:27'),
(279, 27, 'Local', 'Mujeeb', 177, 90.00, 10, 900.00, '2026-05-13', '2026-05-13 11:16:27'),
(280, 27, 'Local', 'Mujeeb', 185, 100.00, 10, 1000.00, '2026-05-13', '2026-05-13 11:16:27'),
(281, 27, 'Local', 'Mujeeb', 195, 135.00, 5, 675.00, '2026-05-13', '2026-05-13 11:16:27'),
(282, 27, 'Local', 'Mujeeb', 154, 105.00, 10, 1050.00, '2026-05-13', '2026-05-13 11:16:27'),
(283, 27, 'Local', 'Muhammad Yaqoob', 102, 40.00, 72, 2880.00, '2026-05-13', '2026-05-13 11:20:13'),
(284, 27, 'Local', 'Muhammad Yaqoob', 152, 170.00, 5, 850.00, '2026-05-13', '2026-05-13 11:20:13'),
(285, 27, 'Local', 'Muhammad Yaqoob', 164, 120.00, 4, 480.00, '2026-05-13', '2026-05-13 11:20:13'),
(286, 27, 'Local', 'Muhammad Yaqoob', 165, 105.00, 2, 210.00, '2026-05-13', '2026-05-13 11:20:13'),
(287, 27, 'Local', 'Muhammad Yaqoob', 169, 120.00, 2, 240.00, '2026-05-13', '2026-05-13 11:20:13'),
(288, 27, 'Local', 'Muhammad Yaqoob', 171, 150.00, 10, 1500.00, '2026-05-13', '2026-05-13 11:20:13'),
(289, 27, 'Local', 'Muhammad Yaqoob', 175, 140.00, 5, 700.00, '2026-05-13', '2026-05-13 11:20:13'),
(290, 27, 'Local', 'Muhammad Yaqoob', 177, 90.00, 6, 540.00, '2026-05-13', '2026-05-13 11:20:13'),
(291, 27, 'Local', 'Muhammad Yaqoob', 180, 275.00, 4, 1100.00, '2026-05-13', '2026-05-13 11:20:13'),
(292, 27, 'Local', 'Muhammad Yaqoob', 185, 100.00, 10, 1000.00, '2026-05-13', '2026-05-13 11:20:13'),
(293, 27, 'Local', 'Muhammad Yaqoob', 195, 135.00, 2, 270.00, '2026-05-13', '2026-05-13 11:20:13'),
(294, 27, 'Local', 'Muhammad Yaqoob', 188, 100.00, 5, 500.00, '2026-05-13', '2026-05-13 11:20:13'),
(295, 27, 'Local', 'Muhammad Yaqoob', 154, 105.00, 10, 1050.00, '2026-05-13', '2026-05-13 11:20:13'),
(296, 27, 'Local', 'Muneeb', 102, 40.00, 36, 1440.00, '2026-05-13', '2026-05-13 11:23:32'),
(297, 27, 'Local', 'Muneeb', 152, 170.00, 3, 510.00, '2026-05-13', '2026-05-13 11:23:32'),
(298, 27, 'Local', 'Muneeb', 164, 120.00, 2, 240.00, '2026-05-13', '2026-05-13 11:23:32'),
(299, 27, 'Local', 'Muneeb', 165, 105.00, 2, 210.00, '2026-05-13', '2026-05-13 11:23:32'),
(300, 27, 'Local', 'Muneeb', 167, 150.00, 4, 600.00, '2026-05-13', '2026-05-13 11:23:32'),
(301, 27, 'Local', 'Muneeb', 170, 75.00, 6, 450.00, '2026-05-13', '2026-05-13 11:23:32'),
(302, 27, 'Local', 'Muneeb', 171, 150.00, 3, 450.00, '2026-05-13', '2026-05-13 11:23:32'),
(303, 27, 'Local', 'Muneeb', 175, 140.00, 25, 3500.00, '2026-05-13', '2026-05-13 11:23:32'),
(304, 27, 'Local', 'Muneeb', 177, 90.00, 2, 180.00, '2026-05-13', '2026-05-13 11:23:32'),
(305, 27, 'Local', 'Muneeb', 180, 275.00, 2, 550.00, '2026-05-13', '2026-05-13 11:23:32'),
(306, 27, 'Local', 'Muneeb', 195, 135.00, 2, 270.00, '2026-05-13', '2026-05-13 11:23:32'),
(307, 27, 'Local', 'Muneeb', 154, 105.00, 10, 1050.00, '2026-05-13', '2026-05-13 11:23:32'),
(308, 27, 'Local', 'M.Hafeez', 102, 40.00, 108, 4320.00, '2026-05-13', '2026-05-13 11:25:28'),
(309, 27, 'Local', 'M.Hafeez', 152, 170.00, 3, 510.00, '2026-05-13', '2026-05-13 11:25:28'),
(310, 27, 'Local', 'M.Hafeez', 164, 120.00, 2, 240.00, '2026-05-13', '2026-05-13 11:25:28'),
(311, 27, 'Local', 'M.Hafeez', 165, 105.00, 2, 210.00, '2026-05-13', '2026-05-13 11:25:28'),
(312, 27, 'Local', 'M.Hafeez', 171, 150.00, 6, 900.00, '2026-05-13', '2026-05-13 11:25:28'),
(313, 27, 'Local', 'M.Hafeez', 175, 140.00, 10, 1400.00, '2026-05-13', '2026-05-13 11:25:28'),
(314, 27, 'Local', 'M.Hafeez', 177, 90.00, 4, 360.00, '2026-05-13', '2026-05-13 11:25:28'),
(315, 27, 'Local', 'M.Hafeez', 180, 275.00, 2, 550.00, '2026-05-13', '2026-05-13 11:25:28'),
(316, 27, 'Local', 'M.Hafeez', 181, 70.00, 4, 280.00, '2026-05-13', '2026-05-13 11:25:28'),
(317, 27, 'Local', 'M.Hafeez', 185, 100.00, 20, 2000.00, '2026-05-13', '2026-05-13 11:25:28'),
(318, 27, 'Local', 'M.Hafeez', 186, 100.00, 3, 300.00, '2026-05-13', '2026-05-13 11:25:28'),
(319, 27, 'Local', 'M.Hafeez', 195, 135.00, 2, 270.00, '2026-05-13', '2026-05-13 11:25:28'),
(320, 27, 'Local', 'M.Hafeez', 154, 105.00, 30, 3150.00, '2026-05-13', '2026-05-13 11:25:28'),
(321, 27, 'Local', 'M.Imran', 102, 40.00, 180, 7200.00, '2026-05-13', '2026-05-13 11:32:13'),
(322, 27, 'Local', 'M.Imran', 152, 170.00, 5, 850.00, '2026-05-13', '2026-05-13 11:32:13'),
(323, 27, 'Local', 'M.Imran', 156, 135.00, 15, 2025.00, '2026-05-13', '2026-05-13 11:32:13'),
(324, 27, 'Local', 'M.Imran', 164, 120.00, 5, 600.00, '2026-05-13', '2026-05-13 11:32:13'),
(325, 27, 'Local', 'M.Imran', 171, 150.00, 1, 150.00, '2026-05-13', '2026-05-13 11:32:13'),
(326, 27, 'Local', 'M.Imran', 172, 200.00, 3, 600.00, '2026-05-13', '2026-05-13 11:32:13'),
(327, 27, 'Local', 'M.Imran', 175, 140.00, 15, 2100.00, '2026-05-13', '2026-05-13 11:32:13'),
(328, 27, 'Local', 'M.Imran', 177, 90.00, 15, 1350.00, '2026-05-13', '2026-05-13 11:32:13'),
(329, 27, 'Local', 'M.Imran', 178, 260.00, 5, 1300.00, '2026-05-13', '2026-05-13 11:32:13'),
(330, 27, 'Local', 'M.Imran', 180, 275.00, 1, 275.00, '2026-05-13', '2026-05-13 11:32:13'),
(331, 27, 'Local', 'M.Imran', 186, 100.00, 4, 400.00, '2026-05-13', '2026-05-13 11:32:13'),
(332, 27, 'Local', 'M.Nadeem', 102, 40.00, 828, 33120.00, '2026-05-13', '2026-05-13 11:54:14'),
(333, 27, 'Local', 'M.Nadeem', 175, 140.00, 10, 1400.00, '2026-05-13', '2026-05-13 11:54:14'),
(334, 27, 'Local', 'M.Nadeem', 177, 90.00, 6, 540.00, '2026-05-13', '2026-05-13 11:54:14'),
(335, 27, 'Local', 'M.Nadeem', 180, 275.00, 20, 5500.00, '2026-05-13', '2026-05-13 11:54:14'),
(336, 27, 'Local', 'M.Nadeem', 185, 100.00, 100, 10000.00, '2026-05-13', '2026-05-13 11:54:14'),
(337, 27, 'Local', 'M.Nadeem', 186, 100.00, 30, 3000.00, '2026-05-13', '2026-05-13 11:54:14'),
(338, 27, 'Local', 'M Ali (Dealer)', 102, 40.00, 216, 8640.00, '2026-05-13', '2026-05-13 12:03:28'),
(339, 27, 'Local', 'M Ali (Dealer)', 152, 170.00, 5, 850.00, '2026-05-13', '2026-05-13 12:03:28'),
(340, 27, 'Local', 'M Ali (Dealer)', 156, 135.00, 35, 4725.00, '2026-05-13', '2026-05-13 12:03:28'),
(341, 27, 'Local', 'M Ali (Dealer)', 175, 140.00, 6, 840.00, '2026-05-13', '2026-05-13 12:03:28'),
(342, 27, 'Local', 'M Ali (Dealer)', 177, 90.00, 6, 540.00, '2026-05-13', '2026-05-13 12:03:28'),
(343, 27, 'Local', 'M Ali (Dealer)', 178, 260.00, 5, 1300.00, '2026-05-13', '2026-05-13 12:03:28'),
(344, 27, 'Local', 'M Ali (Dealer)', 185, 100.00, 24, 2400.00, '2026-05-13', '2026-05-13 12:03:28'),
(345, 27, 'Local', 'M Ali (Dealer)', 186, 100.00, 30, 3000.00, '2026-05-13', '2026-05-13 12:03:28'),
(346, 27, 'Local', 'M Ali (Dealer)', 187, 100.00, 48, 4800.00, '2026-05-13', '2026-05-13 12:03:28'),
(347, 27, 'Local', 'M Ali (Dealer)', 154, 105.00, 10, 1050.00, '2026-05-13', '2026-05-13 12:03:28'),
(348, 27, 'Local', 'Bariz', 102, 40.00, 180, 7200.00, '2026-05-13', '2026-05-13 12:07:43'),
(349, 27, 'Local', 'Bariz', 152, 170.00, 5, 850.00, '2026-05-13', '2026-05-13 12:07:43'),
(350, 27, 'Local', 'Bariz', 156, 135.00, 15, 2025.00, '2026-05-13', '2026-05-13 12:07:43'),
(351, 27, 'Local', 'Bariz', 164, 120.00, 2, 240.00, '2026-05-13', '2026-05-13 12:07:43'),
(352, 27, 'Local', 'Bariz', 165, 105.00, 2, 210.00, '2026-05-13', '2026-05-13 12:07:43'),
(353, 27, 'Local', 'Bariz', 171, 150.00, 15, 2250.00, '2026-05-13', '2026-05-13 12:07:43'),
(354, 27, 'Local', 'Bariz', 175, 140.00, 5, 700.00, '2026-05-13', '2026-05-13 12:07:43'),
(355, 27, 'Local', 'Bariz', 178, 260.00, 2, 520.00, '2026-05-13', '2026-05-13 12:07:43'),
(356, 27, 'Local', 'Bariz', 180, 275.00, 2, 550.00, '2026-05-13', '2026-05-13 12:07:43'),
(357, 27, 'Local', 'Bariz', 195, 135.00, 2, 270.00, '2026-05-13', '2026-05-13 12:07:43'),
(358, 27, 'Local', 'M.Naeem Akhtar', 102, 40.00, 404, 16160.00, '2026-05-13', '2026-05-13 12:08:46'),
(359, 27, 'Local', 'M.Naeem Akhtar', 156, 135.00, 10, 1350.00, '2026-05-13', '2026-05-13 12:08:46'),
(360, 27, 'Local', 'M.Naeem Akhtar', 171, 150.00, 5, 750.00, '2026-05-13', '2026-05-13 12:08:46'),
(361, 27, 'Local', 'M.Naeem Akhtar', 175, 140.00, 14, 1960.00, '2026-05-13', '2026-05-13 12:08:46'),
(362, 27, 'Local', 'M.Naeem Akhtar', 178, 260.00, 10, 2600.00, '2026-05-13', '2026-05-13 12:08:46');

-- --------------------------------------------------------

--
-- Table structure for table `distribution_sheet`
--

CREATE TABLE `distribution_sheet` (
  `id` int(11) NOT NULL,
  `agent_id` int(11) DEFAULT NULL,
  `city` varchar(100) DEFAULT NULL,
  `salesman_name` varchar(200) DEFAULT NULL,
  `father_name` varchar(200) DEFAULT NULL,
  `sector_name` varchar(200) DEFAULT NULL,
  `first_voucher` decimal(12,2) DEFAULT 0.00,
  `first_vou_rep` decimal(12,2) DEFAULT 0.00,
  `net_sales` decimal(12,2) DEFAULT 0.00,
  `second_voucher` decimal(12,2) DEFAULT 0.00,
  `second_vou_rep` decimal(12,2) DEFAULT 0.00,
  `total_net_sales` decimal(12,2) DEFAULT 0.00,
  `total_dispatch` decimal(12,2) DEFAULT 0.00,
  `fuel` decimal(12,2) DEFAULT 0.00,
  `fuel_percentage` decimal(8,2) DEFAULT 0.00,
  `td` decimal(12,2) DEFAULT 0.00,
  `mc` decimal(12,2) DEFAULT 0.00,
  `market_bill` decimal(12,2) DEFAULT 0.00,
  `free_sampling` decimal(12,2) DEFAULT 0.00,
  `total_mc` decimal(12,2) DEFAULT 0.00,
  `mc_percentage` decimal(8,2) DEFAULT 0.00,
  `total_tax` decimal(12,2) DEFAULT 0.00,
  `van_rent_paid` decimal(12,2) DEFAULT 0.00,
  `van_rent_payable` decimal(12,2) DEFAULT 0.00,
  `incentive_exp_base` decimal(12,2) DEFAULT 0.00,
  `dispatch_bach_incentive` decimal(12,2) DEFAULT 0.00,
  `commission` decimal(12,2) DEFAULT 0.00,
  `dealer` decimal(12,2) DEFAULT 0.00,
  `finish_goods` decimal(12,2) DEFAULT 0.00,
  `total_expenses` decimal(12,2) DEFAULT 0.00,
  `exp_percentage` decimal(8,2) DEFAULT 0.00,
  `entry_date` timestamp NOT NULL DEFAULT current_timestamp(),
  `cash_received` decimal(12,2) DEFAULT 0.00,
  `cash_send` decimal(12,2) DEFAULT 0.00,
  `iou` decimal(12,2) DEFAULT 0.00,
  `center_expenses` decimal(12,2) DEFAULT 0.00,
  `adjustment` decimal(12,2) DEFAULT 0.00,
  `closing_balance` decimal(12,2) DEFAULT 0.00,
  `cash_in_hand` decimal(12,2) DEFAULT 0.00,
  `physical_stock` decimal(12,2) DEFAULT 0.00
) ENGINE=InnoDB DEFAULT CHARSET=latin1 COLLATE=latin1_swedish_ci;

--
-- Dumping data for table `distribution_sheet`
--

INSERT INTO `distribution_sheet` (`id`, `agent_id`, `city`, `salesman_name`, `father_name`, `sector_name`, `first_voucher`, `first_vou_rep`, `net_sales`, `second_voucher`, `second_vou_rep`, `total_net_sales`, `total_dispatch`, `fuel`, `fuel_percentage`, `td`, `mc`, `market_bill`, `free_sampling`, `total_mc`, `mc_percentage`, `total_tax`, `van_rent_paid`, `van_rent_payable`, `incentive_exp_base`, `dispatch_bach_incentive`, `commission`, `dealer`, `finish_goods`, `total_expenses`, `exp_percentage`, `entry_date`, `cash_received`, `cash_send`, `iou`, `center_expenses`, `adjustment`, `closing_balance`, `cash_in_hand`, `physical_stock`) VALUES
(1, 27, 'Local', 'M.Naveed Butt', 'Bakar Ali Butt', 'Kot Abdul Malak', 22414.00, 2307.00, 20107.00, 18485.00, 320.00, 38272.00, 40899.00, 1735.00, 4.24, 0.00, 704.00, 0.00, 0.00, 704.00, 1.72, 140.00, 0.00, 539.00, 0.00, 0.00, 1878.40, 0.00, 0.00, 7623.40, 18.64, '2026-05-11 06:41:07', 39950.00, 0.00, 0.00, 0.00, 0.00, 0.00, 0.00, 0.00),
(2, 27, 'Local', 'M.Shahbaz', 'Allah Rakha', 'Shahdra 01', 23814.00, 784.00, 23030.00, 14355.00, 640.00, 36745.00, 38169.00, 2080.00, 5.45, 0.00, 691.00, 0.00, 0.00, 691.00, 1.81, 140.00, 0.00, 0.00, 0.00, 0.00, 1802.70, 0.00, 0.00, 6137.70, 16.08, '2026-05-11 07:06:58', 34199.99, 0.00, 0.00, 0.00, 0.00, 0.00, 0.00, 0.00),
(3, 27, 'Local', 'M.Naveed Butt', 'Bakar Ali Butt', 'Kot Abdul Malak', 28598.00, 1476.00, 27122.00, 22230.00, 200.00, 49152.00, 50828.00, 1674.00, 3.29, 0.00, 948.00, 0.00, 0.00, 948.00, 1.87, 140.00, 0.00, 0.00, 0.00, 0.00, 2410.20, 0.00, 0.00, 6848.20, 13.47, '2026-05-14 04:38:07', 38000.00, 0.00, 0.00, 0.00, 0.00, 8390.00, 0.00, 0.00),
(4, 27, 'Local', 'Bariz', '', 'Kot pendi Dass', 22834.00, 633.00, 22201.00, 12800.00, 560.00, 34441.00, 35634.00, 2241.00, 6.29, 0.00, 444.00, 0.00, 0.00, 444.00, 1.25, 140.00, 0.00, 495.00, 0.00, 0.00, 1699.85, 0.00, 0.00, 6212.85, 17.44, '2026-05-14 04:57:46', 15050.00, 0.00, 0.00, 0.00, 0.00, 16566.00, 0.00, 0.00),
(5, 27, 'Local', 'M.Shahbaz', 'Allah Rakha', 'Shahdra 01', 21129.00, 486.00, 20643.00, 19000.00, 800.00, 38843.00, 40129.00, 2008.00, 5.00, 0.00, 619.00, 0.00, 0.00, 619.00, 1.54, 139.99, 0.00, 0.00, 0.00, 0.00, 1911.20, 0.00, 0.00, 5964.19, 14.86, '2026-05-14 05:25:44', 26700.00, 0.00, 0.00, 0.00, 0.00, 9376.01, 0.00, 0.00),
(6, 27, 'Local', 'Shounaiz', 'M.Shahbaz', 'Shahdra Twon', 24003.00, 1771.00, 22232.00, 17780.00, 240.00, 39772.00, 41783.00, 2243.00, 5.37, 0.00, 0.00, 0.00, 0.00, 0.00, 0.00, 140.00, 0.00, 0.00, 0.00, 0.00, 1988.60, 0.00, 0.00, 6382.60, 15.28, '2026-05-14 05:36:29', 30329.99, 0.00, 0.00, 0.00, 0.00, 7059.01, 0.00, 0.00);

-- --------------------------------------------------------

--
-- Table structure for table `factory_receiving`
--

CREATE TABLE `factory_receiving` (
  `id` int(11) NOT NULL,
  `agent_id` int(11) DEFAULT NULL,
  `city` varchar(100) DEFAULT NULL,
  `item_id` int(11) DEFAULT NULL,
  `quantity` int(11) DEFAULT 0,
  `rate` decimal(10,2) DEFAULT 0.00,
  `total_amount` decimal(12,2) DEFAULT 0.00,
  `receiving_date` date DEFAULT NULL,
  `entry_date` timestamp NOT NULL DEFAULT current_timestamp()
) ENGINE=InnoDB DEFAULT CHARSET=latin1 COLLATE=latin1_swedish_ci;

-- --------------------------------------------------------

--
-- Table structure for table `favourite_items`
--

CREATE TABLE `favourite_items` (
  `id` int(11) NOT NULL,
  `user_id` int(11) DEFAULT NULL,
  `salesman_name` varchar(200) DEFAULT NULL,
  `item_id` int(11) DEFAULT NULL
) ENGINE=InnoDB DEFAULT CHARSET=latin1 COLLATE=latin1_swedish_ci;

-- --------------------------------------------------------

--
-- Table structure for table `finish_good`
--

CREATE TABLE `finish_good` (
  `id` int(11) NOT NULL,
  `agent_id` int(11) DEFAULT NULL,
  `city` varchar(100) DEFAULT NULL,
  `salesman_name` varchar(200) DEFAULT NULL,
  `item_id` int(11) DEFAULT NULL,
  `rate` decimal(10,2) DEFAULT 0.00,
  `quantity` int(11) DEFAULT 0,
  `amount` decimal(12,2) DEFAULT 0.00,
  `finish_date` date DEFAULT NULL,
  `entry_date` timestamp NOT NULL DEFAULT current_timestamp()
) ENGINE=InnoDB DEFAULT CHARSET=latin1 COLLATE=latin1_swedish_ci;

--
-- Dumping data for table `finish_good`
--

INSERT INTO `finish_good` (`id`, `agent_id`, `city`, `salesman_name`, `item_id`, `rate`, `quantity`, `amount`, `finish_date`, `entry_date`) VALUES
(1, 27, 'Local', 'M.Nadeem', 196, 335.00, 12, 4020.00, '2026-05-09', '2026-05-09 07:19:40'),
(2, 27, 'Local', 'Mujeeb', 196, 335.00, 5, 1675.00, '2026-05-01', '2026-05-12 09:43:14'),
(3, 27, 'Local', 'M.Nadeem', 196, 335.00, 2, 670.00, '2026-05-02', '2026-05-13 09:07:29'),
(4, 27, 'Local', 'Shounaiz', 196, 335.00, 2, 670.00, '2026-05-02', '2026-05-13 10:15:30');

-- --------------------------------------------------------

--
-- Table structure for table `items`
--

CREATE TABLE `items` (
  `id` int(11) NOT NULL,
  `item_name` varchar(200) NOT NULL,
  `category` enum('first_voucher','second_voucher','finish_good') DEFAULT 'first_voucher',
  `family` varchar(100) DEFAULT 'General',
  `sort_order` int(11) DEFAULT 999,
  `rate` decimal(10,2) DEFAULT 0.00,
  `is_active` tinyint(4) DEFAULT 1,
  `created_at` timestamp NOT NULL DEFAULT current_timestamp()
) ENGINE=InnoDB DEFAULT CHARSET=latin1 COLLATE=latin1_swedish_ci;

--
-- Dumping data for table `items`
--

INSERT INTO `items` (`id`, `item_name`, `category`, `family`, `sort_order`, `rate`, `is_active`, `created_at`) VALUES
(101, 'White Bread Standard', 'first_voucher', 'Bread', 1, 108.00, 1, '2026-05-08 04:59:41'),
(102, 'Slice pack 4 Pcs (Large)', 'second_voucher', 'Bread', 1, 40.00, 1, '2026-05-08 05:01:15'),
(103, 'White Bread Medium', 'first_voucher', 'Bread', 2, 145.00, 1, '2026-05-08 05:12:21'),
(104, 'White Bread Large', 'first_voucher', 'Bread', 3, 200.00, 1, '2026-05-08 05:12:38'),
(105, 'White Value Pack', 'first_voucher', 'Bread', 4, 165.00, 1, '2026-05-08 05:12:50'),
(106, 'White Bread Sand Which', 'first_voucher', 'Bread', 5, 270.00, 1, '2026-05-08 05:12:59'),
(107, 'Milky Bread Mini', 'first_voucher', 'Bread', 6, 78.00, 1, '2026-05-08 05:13:40'),
(108, 'Milky Bread Standard O/T', 'first_voucher', 'Bread', 7, 108.00, 1, '2026-05-08 05:13:53'),
(109, 'Milky Bread Standard', 'first_voucher', 'Bread', 8, 108.00, 1, '2026-05-08 05:14:05'),
(110, 'Milky Bread Medium', 'first_voucher', 'Bread', 9, 145.00, 1, '2026-05-08 05:14:16'),
(111, 'Milky Bread Large', 'first_voucher', 'Bread', 10, 200.00, 1, '2026-05-08 05:14:30'),
(112, 'Bread Value Pack', 'first_voucher', 'Bread', 11, 165.00, 1, '2026-05-08 05:14:38'),
(113, 'Bran  Bread Standard', 'first_voucher', 'Bread', 12, 130.00, 1, '2026-05-08 05:14:47'),
(114, 'Sheer  Mall', 'first_voucher', 'Bun', 13, 63.00, 1, '2026-05-08 05:15:00'),
(115, 'Classic  Bun', 'first_voucher', 'Bun', 14, 36.00, 1, '2026-05-08 05:15:59'),
(116, 'Fruit Bun', 'first_voucher', 'Bun', 15, 45.00, 1, '2026-05-08 05:16:23'),
(117, 'Burger Bun (2 Pcs)', 'first_voucher', 'Burger', 16, 72.00, 1, '2026-05-08 05:16:48'),
(118, 'Dinner Roll  (2 Pcs)', 'first_voucher', 'Bun', 17, 36.00, 1, '2026-05-08 05:17:05'),
(119, 'Burger Bun (4 Pcs)', 'first_voucher', 'Burger', 18, 135.00, 1, '2026-05-08 05:17:32'),
(120, 'Burger Mac', 'first_voucher', 'Burger', 19, 38.00, 1, '2026-05-08 05:17:52'),
(121, 'Burger Royal (2Pcs)', 'first_voucher', 'Burger', 20, 86.00, 1, '2026-05-08 05:18:12'),
(122, 'Burger Jumbo', 'first_voucher', 'Burger', 21, 135.00, 1, '2026-05-08 05:18:27'),
(123, 'Burger Roll (4 Pcs)', 'first_voucher', 'Burger', 22, 135.00, 1, '2026-05-08 05:18:42'),
(124, 'Lahore Broast', 'first_voucher', 'Burger', 23, 15.00, 1, '2026-05-08 05:19:36'),
(125, 'Yasir Broast Burger', 'first_voucher', 'Burger', 24, 15.00, 1, '2026-05-08 05:19:54'),
(126, 'Crunchi Burger Large', 'first_voucher', 'Burger', 25, 20.00, 1, '2026-05-08 05:20:24'),
(127, 'Crunchi Burger Small', 'first_voucher', 'Burger', 26, 15.00, 1, '2026-05-08 05:20:43'),
(128, 'Burger Roll 1x5 Pak.', 'first_voucher', 'Burger', 27, 118.00, 1, '2026-05-08 05:21:07'),
(129, 'Burger 1 pcs', 'first_voucher', 'Burger', 28, 27.50, 1, '2026-05-08 05:21:14'),
(130, 'Supreme Cake Plain', 'first_voucher', 'Cake', 29, 170.00, 1, '2026-05-08 05:21:23'),
(131, 'Mini Plain Cake', 'first_voucher', 'Cake', 30, 90.00, 1, '2026-05-08 05:21:30'),
(132, 'Supreme Cake Fruit', 'first_voucher', 'Cake', 31, 180.00, 1, '2026-05-08 05:21:38'),
(133, 'Supreme Cake Mini', 'first_voucher', 'Cake', 32, 90.00, 1, '2026-05-08 05:21:47'),
(134, 'Supreme Cake Kulfa', 'first_voucher', 'Cake', 33, 90.00, 1, '2026-05-08 05:21:54'),
(135, 'Queen Cake Box 6 Pcs Box (Kulfa)', 'first_voucher', 'Cake', 34, 160.00, 1, '2026-05-08 05:22:03'),
(136, 'Muffin Cake 6 PCS BOX (Chocolate & Vanilla)', 'first_voucher', 'Cake', 35, 160.00, 1, '2026-05-08 05:22:09'),
(137, 'Muffin Cake 6 PCS BOX (Mango)', 'first_voucher', 'Cake', 36, 160.00, 1, '2026-05-08 05:22:19'),
(138, 'Muffin Cake 6 PCS BOX (Strawbery)', 'first_voucher', 'Cake', 37, 160.00, 1, '2026-05-08 05:22:27'),
(139, 'Queen Cake 6 PCS (BOX)', 'first_voucher', 'Cake', 38, 160.00, 1, '2026-05-08 05:22:38'),
(140, 'Queen Cake Box 6 Pcs Box (Orange)', 'first_voucher', 'Cake', 39, 160.00, 1, '2026-05-08 05:22:44'),
(141, 'Queen Cake Box 6 Pcs Box (Peach)', 'first_voucher', 'Cake', 40, 160.00, 1, '2026-05-08 05:22:51'),
(142, 'Marable Cake Strawbery', 'first_voucher', 'Cake', 41, 225.00, 1, '2026-05-08 05:23:03'),
(143, 'Marable Cake Chocolate', 'first_voucher', 'Cake', 42, 225.00, 1, '2026-05-08 05:23:10'),
(144, 'Rusk Pillow Pack Large', 'first_voucher', 'Rusk', 43, 135.00, 1, '2026-05-08 05:23:20'),
(145, 'Rusk Pillow Pack Small', 'first_voucher', 'Rusk', 44, 75.00, 1, '2026-05-08 05:23:30'),
(146, 'Rusk Premium', 'first_voucher', 'Rusk', 45, 175.00, 1, '2026-05-08 05:23:37'),
(147, 'Rusk Bran', 'first_voucher', 'Rusk', 46, 75.00, 1, '2026-05-08 05:23:49'),
(148, 'Bread Crumb (200 GM)', 'first_voucher', 'Bread', 47, 130.00, 1, '2026-05-08 05:23:55'),
(149, 'Marable Cake Vanila', 'first_voucher', 'Cake', 48, 225.00, 1, '2026-05-08 05:24:06'),
(150, 'Rusk Plain Small  (20 Pcs)', 'second_voucher', 'Rusk', 999, 90.00, 1, '2026-05-08 05:24:22'),
(151, 'Rusk Plain Large (27Pcs)', 'second_voucher', 'Rusk', 3, 120.00, 1, '2026-05-08 05:24:36'),
(152, 'Rusk Crunchy 4 Pcs (10 PKT)', 'second_voucher', 'Rusk', 4, 170.00, 1, '2026-05-08 05:25:01'),
(153, 'Rusk OT Large (24 Pcs)', 'second_voucher', 'Rusk', 5, 105.00, 1, '2026-05-08 05:25:13'),
(154, 'Rusk Round  (24 Pcs)', 'second_voucher', 'Rusk', 999, 105.00, 1, '2026-05-08 05:25:23'),
(155, 'Rusk Round (18 Pcs)', 'second_voucher', 'Rusk', 7, 90.00, 1, '2026-05-08 05:25:40'),
(156, 'Rusk Round (30 Pcs)', 'second_voucher', 'Rusk', 8, 135.00, 1, '2026-05-08 05:25:52'),
(157, 'Round Rusk  (180 Pcs)', 'second_voucher', 'Rusk', 999, 750.00, 1, '2026-05-08 05:26:11'),
(158, 'Rusk Special Till (36 Pcs)', 'second_voucher', 'Rusk', 11, 175.00, 1, '2026-05-08 05:26:23'),
(159, 'Rusk Special Till (18 Pcs)', 'second_voucher', 'Rusk', 12, 95.00, 1, '2026-05-08 05:26:33'),
(160, 'Cup Cake (6pcs)', 'second_voucher', 'Cake', 999, 100.00, 1, '2026-05-08 05:27:02'),
(161, 'Cup Cake (2Pcs)', 'second_voucher', 'Cake', 999, 45.00, 1, '2026-05-08 05:27:17'),
(162, 'Biscuit Tray (1 KG)', 'second_voucher', 'Baqar Khani', 16, 300.00, 1, '2026-05-08 05:27:29'),
(163, 'Special Biscuit (18 PCS)', 'second_voucher', 'Baqar Khani', 17, 150.00, 1, '2026-05-08 05:27:40'),
(164, 'khatai Biscuit Box', 'second_voucher', 'Baqar Khani', 18, 120.00, 1, '2026-05-08 05:27:52'),
(165, 'Nan Khatai', 'second_voucher', 'Baqar Khani', 19, 105.00, 1, '2026-05-08 05:28:03'),
(166, 'Biscuit Badam 2. Kg', 'second_voucher', 'Baqar Khani', 20, 650.00, 1, '2026-05-08 05:28:14'),
(167, 'Premium Biscuit 200 gms', 'second_voucher', 'Baqar Khani', 21, 150.00, 1, '2026-05-08 05:28:25'),
(168, 'Special Biscuit  2.50 Kg', 'second_voucher', 'Baqar Khani', 999, 1400.00, 1, '2026-05-08 05:28:36'),
(169, 'Choora Biscuit Box', 'second_voucher', 'Baqar Khani', 23, 120.00, 1, '2026-05-08 05:28:47'),
(170, 'Special Cookies Tray', 'second_voucher', 'Baqar Khani', 24, 75.00, 1, '2026-05-08 05:28:59'),
(171, 'Biscuit Tray (500 Gm)', 'second_voucher', 'Baqar Khani', 25, 150.00, 1, '2026-05-08 05:29:12'),
(172, 'Premium Cake Rusk Tray', 'second_voucher', 'Cake', 26, 200.00, 1, '2026-05-08 05:29:21'),
(173, 'Mini Cake Rusk Tray', 'second_voucher', 'Cake', 27, 75.00, 1, '2026-05-08 05:29:31'),
(174, 'Cake Rusk 12 Pcs Box', 'second_voucher', 'Cake', 28, 155.00, 1, '2026-05-08 05:29:40'),
(175, 'Cake Rusk 16 Pcs Box', 'second_voucher', 'Cake', 29, 140.00, 1, '2026-05-08 05:29:47'),
(176, 'Cake Rusk 2 Kg', 'second_voucher', 'Cake', 30, 1200.00, 1, '2026-05-08 05:29:58'),
(177, 'Baqar Khani 2 (Pcs)', 'second_voucher', 'Baqar Khani', 31, 90.00, 1, '2026-05-08 05:30:12'),
(178, 'Baqar Khani (12 Pcs) Box', 'second_voucher', 'Baqar Khani', 32, 260.00, 1, '2026-05-08 05:30:21'),
(179, 'B.Khani Sweet (12 Pcs) Box', 'second_voucher', 'Baqar Khani', 33, 260.00, 1, '2026-05-08 05:30:31'),
(180, 'B.Khani (10 Pcs) Box', 'second_voucher', 'Baqar Khani', 34, 275.00, 1, '2026-05-08 05:30:44'),
(181, 'Puff Stick (8 Pcs) Tray', 'second_voucher', 'Cake', 35, 70.00, 1, '2026-05-08 05:30:51'),
(182, 'Honey Cake', 'second_voucher', 'Cake', 36, 105.00, 1, '2026-05-08 05:30:59'),
(183, 'Ringo Puff', 'second_voucher', 'Baqar Khani', 37, 70.00, 1, '2026-05-08 05:31:08'),
(184, 'Sweet Heart', 'second_voucher', 'Baqar Khani', 38, 90.00, 1, '2026-05-08 05:31:17'),
(185, 'Shawrama Large (4Pcs)', 'second_voucher', 'Shawarma', 39, 100.00, 1, '2026-05-08 05:31:27'),
(186, 'Shawrama Small (5Pcs)', 'second_voucher', 'Shawarma', 40, 100.00, 1, '2026-05-08 05:31:36'),
(187, 'Brown Shawrama (4Pcs)', 'second_voucher', 'Shawarma', 41, 100.00, 1, '2026-05-08 05:31:46'),
(188, 'Brown  Shawrama (5Pcs)', 'second_voucher', 'Shawarma', 999, 100.00, 1, '2026-05-08 05:31:56'),
(189, 'Bread Crumb (1 KG)', 'second_voucher', 'Bread', 43, 400.00, 1, '2026-05-08 05:32:06'),
(190, 'Bread Crumbs Brown(1 KG)', 'second_voucher', 'Shawarma', 44, 400.00, 1, '2026-05-08 05:32:14'),
(191, 'Specail Biscuit (250 Gm)', 'second_voucher', 'Baqar Khani', 45, 175.00, 1, '2026-05-08 05:32:26'),
(192, 'Specail Biscuit (500 Gm)', 'second_voucher', 'Baqar Khani', 46, 350.00, 1, '2026-05-08 05:32:34'),
(193, 'Cream Roll Box', 'second_voucher', 'Cake', 47, 520.00, 1, '2026-05-08 05:32:43'),
(194, 'Cream Roll 2 Pcs Box', 'second_voucher', 'Cake', 48, 135.00, 1, '2026-05-08 05:32:52'),
(195, 'Cake Rusk 8 Pcs', 'second_voucher', 'Cake', 49, 135.00, 1, '2026-05-08 05:33:03'),
(196, 'Tortilla Wraps', 'finish_good', 'Shawarma', 1, 335.00, 1, '2026-05-08 05:33:15'),
(197, 'Tortilla Wrap Medium', 'finish_good', 'Shawarma', 2, 255.00, 1, '2026-05-08 05:33:42'),
(198, 'Cake Rusk 1 Kg', 'second_voucher', 'Rusk', 999, 600.00, 1, '2026-05-12 09:39:39');

-- --------------------------------------------------------

--
-- Table structure for table `mc_settings`
--

CREATE TABLE `mc_settings` (
  `id` int(11) NOT NULL,
  `city` varchar(100) NOT NULL,
  `mc_base` enum('first_voucher','total_net') DEFAULT 'first_voucher',
  `mc_percentage` decimal(5,2) DEFAULT 0.00,
  `updated_at` timestamp NOT NULL DEFAULT current_timestamp() ON UPDATE current_timestamp()
) ENGINE=InnoDB DEFAULT CHARSET=latin1 COLLATE=latin1_swedish_ci;

--
-- Dumping data for table `mc_settings`
--

INSERT INTO `mc_settings` (`id`, `city`, `mc_base`, `mc_percentage`, `updated_at`) VALUES
(1, 'Sialkot', 'first_voucher', 0.00, '2026-05-12 04:23:29'),
(2, 'Narowal', 'first_voucher', 0.00, '2026-05-12 04:23:29'),
(3, 'Gujrat', 'first_voucher', 0.00, '2026-05-12 04:23:29'),
(4, 'Mandi B Din', 'first_voucher', 0.00, '2026-05-12 04:23:29'),
(5, 'Chakwal', 'first_voucher', 0.00, '2026-05-12 04:23:29'),
(6, 'Jhelum', 'first_voucher', 0.00, '2026-05-12 04:23:29'),
(7, 'Rawalpindi', 'first_voucher', 0.00, '2026-05-12 04:23:29'),
(8, 'Kotli', 'first_voucher', 0.00, '2026-05-12 04:23:29'),
(9, 'Gujranwala', 'first_voucher', 0.00, '2026-05-12 04:23:29'),
(10, 'Local', 'first_voucher', 0.00, '2026-05-12 04:23:29'),
(11, 'Sheikhupura', 'first_voucher', 0.00, '2026-05-12 04:23:29'),
(12, 'Hafizabad', 'first_voucher', 0.00, '2026-05-12 04:23:29'),
(13, 'Shalimar', 'first_voucher', 0.00, '2026-05-12 04:23:29'),
(14, 'Township', 'first_voucher', 0.00, '2026-05-12 04:23:29'),
(15, 'Kasur', 'first_voucher', 0.00, '2026-05-12 04:23:29'),
(16, 'Raiwind', 'first_voucher', 0.00, '2026-05-12 04:23:29');

-- --------------------------------------------------------

--
-- Table structure for table `replace_finish`
--

CREATE TABLE `replace_finish` (
  `id` int(11) NOT NULL,
  `agent_id` int(11) DEFAULT NULL,
  `city` varchar(100) DEFAULT NULL,
  `salesman_name` varchar(200) DEFAULT NULL,
  `item_id` int(11) DEFAULT NULL,
  `rate` decimal(10,2) DEFAULT 0.00,
  `qty_1st` int(11) DEFAULT 0,
  `qty_2nd` int(11) DEFAULT 0,
  `total_qty` int(11) DEFAULT 0,
  `amount` decimal(12,2) DEFAULT 0.00,
  `replace_date` date DEFAULT NULL,
  `entry_date` timestamp NOT NULL DEFAULT current_timestamp()
) ENGINE=InnoDB DEFAULT CHARSET=latin1 COLLATE=latin1_swedish_ci;

-- --------------------------------------------------------

--
-- Table structure for table `replace_first`
--

CREATE TABLE `replace_first` (
  `id` int(11) NOT NULL,
  `agent_id` int(11) DEFAULT NULL,
  `city` varchar(100) DEFAULT NULL,
  `salesman_name` varchar(200) DEFAULT NULL,
  `item_id` int(11) DEFAULT NULL,
  `rate` decimal(10,2) DEFAULT 0.00,
  `qty_1st` int(11) DEFAULT 0,
  `qty_2nd` int(11) DEFAULT 0,
  `total_qty` int(11) DEFAULT 0,
  `amount` decimal(12,2) DEFAULT 0.00,
  `replace_date` date DEFAULT NULL,
  `entry_date` timestamp NOT NULL DEFAULT current_timestamp()
) ENGINE=InnoDB DEFAULT CHARSET=latin1 COLLATE=latin1_swedish_ci;

--
-- Dumping data for table `replace_first`
--

INSERT INTO `replace_first` (`id`, `agent_id`, `city`, `salesman_name`, `item_id`, `rate`, `qty_1st`, `qty_2nd`, `total_qty`, `amount`, `replace_date`, `entry_date`) VALUES
(1, 27, 'Local', 'M.Naveed Butt', 101, 108.00, 6, 0, 6, 648.00, '2026-05-09', '2026-05-11 06:34:23'),
(2, 27, 'Local', 'M.Naveed Butt', 103, 145.00, 5, 0, 5, 725.00, '2026-05-09', '2026-05-11 06:34:23'),
(3, 27, 'Local', 'M.Naveed Butt', 105, 165.00, 1, 0, 1, 165.00, '2026-05-09', '2026-05-11 06:34:23'),
(4, 27, 'Local', 'M.Naveed Butt', 106, 270.00, 1, 0, 1, 270.00, '2026-05-09', '2026-05-11 06:34:23'),
(5, 27, 'Local', 'M.Naveed Butt', 113, 130.00, 1, 0, 1, 130.00, '2026-05-09', '2026-05-11 06:34:23'),
(6, 27, 'Local', 'M.Naveed Butt', 114, 63.00, 2, 0, 2, 126.00, '2026-05-09', '2026-05-11 06:34:23'),
(7, 27, 'Local', 'M.Naveed Butt', 115, 36.00, 3, 0, 3, 108.00, '2026-05-09', '2026-05-11 06:34:23'),
(8, 27, 'Local', 'M.Naveed Butt', 123, 135.00, 1, 0, 1, 135.00, '2026-05-09', '2026-05-11 06:34:23'),
(9, 27, 'Local', 'M.Shahbaz', 101, 108.00, 4, 0, 4, 432.00, '2026-05-09', '2026-05-11 06:59:51'),
(10, 27, 'Local', 'M.Shahbaz', 103, 145.00, 1, 0, 1, 145.00, '2026-05-09', '2026-05-11 06:59:51'),
(11, 27, 'Local', 'M.Shahbaz', 114, 63.00, 1, 0, 1, 63.00, '2026-05-09', '2026-05-11 06:59:51'),
(12, 27, 'Local', 'M.Shahbaz', 115, 36.00, 4, 0, 4, 144.00, '2026-05-09', '2026-05-11 06:59:51'),
(13, 27, 'Local', 'M.Naveed Butt', 101, 108.00, 2, 0, 2, 216.00, '2026-05-01', '2026-05-13 11:51:49'),
(14, 27, 'Local', 'M.Naveed Butt', 103, 145.00, 6, 0, 6, 870.00, '2026-05-01', '2026-05-13 11:51:49'),
(15, 27, 'Local', 'M.Naveed Butt', 113, 130.00, 3, 0, 3, 390.00, '2026-05-01', '2026-05-13 11:51:49'),
(16, 27, 'Local', 'Bariz', 101, 108.00, 1, 0, 1, 108.00, '2026-05-01', '2026-05-14 04:54:20'),
(17, 27, 'Local', 'Bariz', 103, 145.00, 3, 0, 3, 435.00, '2026-05-01', '2026-05-14 04:54:20'),
(18, 27, 'Local', 'Bariz', 116, 45.00, 2, 0, 2, 90.00, '2026-05-01', '2026-05-14 04:54:20'),
(19, 27, 'Local', 'M.Shahbaz', 101, 108.00, 2, 0, 2, 216.00, '2026-05-01', '2026-05-14 05:23:58'),
(20, 27, 'Local', 'M.Shahbaz', 115, 36.00, 5, 0, 5, 180.00, '2026-05-01', '2026-05-14 05:23:58'),
(21, 27, 'Local', 'M.Shahbaz', 133, 90.00, 1, 0, 1, 90.00, '2026-05-01', '2026-05-14 05:23:58'),
(22, 27, 'Local', 'Shounaiz', 105, 165.00, 1, 0, 1, 165.00, '2026-05-01', '2026-05-14 05:29:43'),
(23, 27, 'Local', 'Shounaiz', 101, 108.00, 7, 0, 7, 756.00, '2026-05-01', '2026-05-14 05:32:00'),
(24, 27, 'Local', 'Shounaiz', 103, 145.00, 4, 0, 4, 580.00, '2026-05-01', '2026-05-14 05:32:00'),
(26, 27, 'Local', 'Shounaiz', 119, 135.00, 2, 0, 2, 270.00, '2026-05-01', '2026-05-14 05:32:00');

-- --------------------------------------------------------

--
-- Table structure for table `replace_second`
--

CREATE TABLE `replace_second` (
  `id` int(11) NOT NULL,
  `agent_id` int(11) DEFAULT NULL,
  `city` varchar(100) DEFAULT NULL,
  `salesman_name` varchar(200) DEFAULT NULL,
  `item_id` int(11) DEFAULT NULL,
  `rate` decimal(10,2) DEFAULT 0.00,
  `qty_1st` int(11) DEFAULT 0,
  `qty_2nd` int(11) DEFAULT 0,
  `total_qty` int(11) DEFAULT 0,
  `amount` decimal(12,2) DEFAULT 0.00,
  `replace_date` date DEFAULT NULL,
  `entry_date` timestamp NOT NULL DEFAULT current_timestamp()
) ENGINE=InnoDB DEFAULT CHARSET=latin1 COLLATE=latin1_swedish_ci;

--
-- Dumping data for table `replace_second`
--

INSERT INTO `replace_second` (`id`, `agent_id`, `city`, `salesman_name`, `item_id`, `rate`, `qty_1st`, `qty_2nd`, `total_qty`, `amount`, `replace_date`, `entry_date`) VALUES
(1, 27, 'Local', 'M.Naveed Butt', 102, 40.00, 8, 0, 8, 320.00, '2026-05-09', '2026-05-11 06:34:47'),
(2, 27, 'Local', 'M.Shahbaz', 102, 40.00, 16, 0, 16, 640.00, '2026-05-09', '2026-05-11 07:00:16'),
(3, 27, 'Local', 'M.Naveed Butt', 102, 40.00, 0, 5, 5, 200.00, '2026-05-01', '2026-05-13 11:52:20'),
(4, 27, 'Local', 'Bariz', 102, 40.00, 0, 14, 14, 560.00, '2026-05-01', '2026-05-14 04:58:25'),
(5, 27, 'Local', 'M.Shahbaz', 102, 40.00, 0, 20, 20, 800.00, '2026-05-01', '2026-05-14 05:24:36'),
(6, 27, 'Local', 'Shounaiz', 102, 40.00, 0, 6, 6, 240.00, '2026-05-01', '2026-05-14 05:32:42');

-- --------------------------------------------------------

--
-- Table structure for table `salesmen`
--

CREATE TABLE `salesmen` (
  `id` int(11) NOT NULL,
  `city` varchar(100) NOT NULL,
  `salesman_name` varchar(200) NOT NULL,
  `father_name` varchar(200) DEFAULT '',
  `sector_name` varchar(200) DEFAULT '',
  `is_active` tinyint(4) DEFAULT 1,
  `created_at` timestamp NOT NULL DEFAULT current_timestamp()
) ENGINE=InnoDB DEFAULT CHARSET=latin1 COLLATE=latin1_swedish_ci;

--
-- Dumping data for table `salesmen`
--

INSERT INTO `salesmen` (`id`, `city`, `salesman_name`, `father_name`, `sector_name`, `is_active`, `created_at`) VALUES
(1, 'Local', 'Shahid Jamil', 'Muhammad Iqbal', 'Kot pendi Dass', 1, '2026-05-12 05:01:26'),
(2, 'Local', 'M.Naeem Akhtar', 'M.Sadeeq', 'Shahdra 03', 1, '2026-05-12 05:01:54'),
(3, 'Local', 'M.Nadeem', 'M.Sadeeq', 'Narang', 1, '2026-05-12 05:02:13'),
(4, 'Local', 'Tanveer Ahmed', 'Abdul Latif', 'Muridke', 1, '2026-05-12 05:02:44'),
(5, 'Local', 'M.Naveed Butt', 'Bakar Ali Butt', 'Kot Abdul Malak', 1, '2026-05-12 05:03:06'),
(6, 'Local', 'Shounaiz', 'M.Shahbaz', 'Shahdra Twon', 1, '2026-05-12 05:05:06'),
(7, 'Local', 'M.Shahbaz', 'Allah Rakha', 'Shahdra 01', 1, '2026-05-12 05:05:29'),
(8, 'Local', 'M.Imran', 'Abdul Hameed', 'Ferozwala', 1, '2026-05-12 05:05:48'),
(9, 'Local', 'Kashif Ali', 'M.Arshad', 'Shahdra 02', 1, '2026-05-12 05:06:14'),
(10, 'Local', 'Muneeb', '', 'Kot Shahabdin', 1, '2026-05-12 05:06:49'),
(11, 'Local', 'M.Hafeez', 'M.Tufail', 'Farkha Abad', 1, '2026-05-12 05:07:16'),
(12, 'Local', 'Muhammad Yaqoob', '', 'Muredke-2', 1, '2026-05-12 05:07:43'),
(13, 'Local', 'Bariz', '', 'Kot pendi Dass', 1, '2026-05-12 05:08:03'),
(14, 'Local', 'M Ali (Dealer)', 'Anayat Ali', 'Muridky', 1, '2026-05-12 05:08:39'),
(15, 'Local', 'Mujeeb', '', 'Rehman Garden', 1, '2026-05-12 05:09:01');

-- --------------------------------------------------------

--
-- Table structure for table `users`
--

CREATE TABLE `users` (
  `id` int(11) NOT NULL,
  `username` varchar(100) NOT NULL,
  `password` varchar(255) NOT NULL,
  `city` varchar(100) NOT NULL,
  `role` enum('admin','agent') DEFAULT 'agent',
  `created_at` timestamp NOT NULL DEFAULT current_timestamp()
) ENGINE=InnoDB DEFAULT CHARSET=latin1 COLLATE=latin1_swedish_ci;

--
-- Dumping data for table `users`
--

INSERT INTO `users` (`id`, `username`, `password`, `city`, `role`, `created_at`) VALUES
(1, 'admin', '0192023a7bbd73250516f069df18b500', 'Head Office', 'admin', '2026-04-25 17:42:35'),
(18, 'sialkot_user', 'fad953d559769ee18e5211255415e35d', 'Sialkot', 'agent', '2026-04-30 15:01:56'),
(19, 'narowal_user', '386d8c1dc25f2b6a9608e418440411c4', 'Narowal', 'agent', '2026-04-30 15:01:56'),
(20, 'gujrat_user', '2cdff4f052719d4487e798e283f5beeb', 'Gujrat', 'agent', '2026-04-30 15:01:56'),
(21, 'mandibdin_user', 'def077e38a261fe673082ce9e46a574b', 'Mandi B Din', 'agent', '2026-04-30 15:01:56'),
(22, 'chakwal_user', '1f36703dbb064962d31538bc14558af4', 'Chakwal', 'agent', '2026-04-30 15:01:56'),
(23, 'jhelum_user', '346202debc156f2d618ff2cc9fb1cd39', 'Jhelum', 'agent', '2026-04-30 15:01:56'),
(24, 'rawalpindi_user', 'b601defc177d8e9efa6bbd60d9efe6e3', 'Rawalpindi', 'agent', '2026-04-30 15:01:56'),
(25, 'kotli_user', '10de1a0aeb5b9190c48cab56adde90bb', 'Kotli', 'agent', '2026-04-30 15:01:56'),
(26, 'gujranwala_user', 'c0120ab6d34213ce0a54a2984ff76c78', 'Gujranwala', 'agent', '2026-04-30 15:01:56'),
(27, 'local_user', '1ecad40af4ebdc16e1c641cafac0cb97', 'Local', 'agent', '2026-04-30 15:01:56'),
(28, 'sheikhupura_user', '3d53652e7b9a80fd7cc823b89f35a745', 'Sheikhupura', 'agent', '2026-04-30 15:01:56'),
(29, 'hafizabad_user', 'f7bd7a316a7f18781ded632a1051cbb3', 'Hafizabad', 'agent', '2026-04-30 15:01:56'),
(30, 'shalimar_user', 'a8154fc6bd161e552e1458a7cdee2b48', 'Shalimar', 'agent', '2026-04-30 15:01:56'),
(31, 'township_user', 'e64caf446b90cf341665d0fc1f73b84f', 'Township', 'agent', '2026-04-30 15:01:56'),
(32, 'kasur_user', '1de1b6f69a8e347b6ab7802ed2d11a55', 'Kasur', 'agent', '2026-04-30 15:01:56'),
(33, 'raiwind_user', '4061fdc4043c892f8fa9d16d7178a771', 'Raiwind', 'agent', '2026-04-30 15:01:56');

-- --------------------------------------------------------

--
-- Table structure for table `warehouse_demand`
--

CREATE TABLE `warehouse_demand` (
  `id` int(11) NOT NULL,
  `agent_id` int(11) DEFAULT NULL,
  `city` varchar(100) DEFAULT NULL,
  `item_id` int(11) DEFAULT NULL,
  `quantity` int(11) DEFAULT 0,
  `demand_date` date DEFAULT NULL,
  `status` enum('pending','received','partial') DEFAULT 'pending',
  `entry_date` timestamp NOT NULL DEFAULT current_timestamp()
) ENGINE=InnoDB DEFAULT CHARSET=latin1 COLLATE=latin1_swedish_ci;

--
-- Indexes for dumped tables
--

--
-- Indexes for table `dispatch_first`
--
ALTER TABLE `dispatch_first`
  ADD PRIMARY KEY (`id`),
  ADD KEY `agent_id` (`agent_id`),
  ADD KEY `item_id` (`item_id`);

--
-- Indexes for table `dispatch_second`
--
ALTER TABLE `dispatch_second`
  ADD PRIMARY KEY (`id`),
  ADD KEY `agent_id` (`agent_id`),
  ADD KEY `item_id` (`item_id`);

--
-- Indexes for table `distribution_sheet`
--
ALTER TABLE `distribution_sheet`
  ADD PRIMARY KEY (`id`),
  ADD KEY `agent_id` (`agent_id`);

--
-- Indexes for table `factory_receiving`
--
ALTER TABLE `factory_receiving`
  ADD PRIMARY KEY (`id`),
  ADD KEY `agent_id` (`agent_id`),
  ADD KEY `item_id` (`item_id`);

--
-- Indexes for table `favourite_items`
--
ALTER TABLE `favourite_items`
  ADD PRIMARY KEY (`id`),
  ADD UNIQUE KEY `unique_fav` (`user_id`,`salesman_name`,`item_id`),
  ADD KEY `item_id` (`item_id`);

--
-- Indexes for table `finish_good`
--
ALTER TABLE `finish_good`
  ADD PRIMARY KEY (`id`),
  ADD KEY `agent_id` (`agent_id`),
  ADD KEY `item_id` (`item_id`);

--
-- Indexes for table `items`
--
ALTER TABLE `items`
  ADD PRIMARY KEY (`id`),
  ADD UNIQUE KEY `item_name` (`item_name`);

--
-- Indexes for table `mc_settings`
--
ALTER TABLE `mc_settings`
  ADD PRIMARY KEY (`id`),
  ADD UNIQUE KEY `city` (`city`);

--
-- Indexes for table `replace_finish`
--
ALTER TABLE `replace_finish`
  ADD PRIMARY KEY (`id`),
  ADD KEY `agent_id` (`agent_id`),
  ADD KEY `item_id` (`item_id`);

--
-- Indexes for table `replace_first`
--
ALTER TABLE `replace_first`
  ADD PRIMARY KEY (`id`),
  ADD KEY `agent_id` (`agent_id`),
  ADD KEY `item_id` (`item_id`);

--
-- Indexes for table `replace_second`
--
ALTER TABLE `replace_second`
  ADD PRIMARY KEY (`id`),
  ADD KEY `agent_id` (`agent_id`),
  ADD KEY `item_id` (`item_id`);

--
-- Indexes for table `salesmen`
--
ALTER TABLE `salesmen`
  ADD PRIMARY KEY (`id`),
  ADD UNIQUE KEY `unique_salesman` (`city`,`salesman_name`);

--
-- Indexes for table `users`
--
ALTER TABLE `users`
  ADD PRIMARY KEY (`id`),
  ADD UNIQUE KEY `username` (`username`);

--
-- Indexes for table `warehouse_demand`
--
ALTER TABLE `warehouse_demand`
  ADD PRIMARY KEY (`id`),
  ADD KEY `agent_id` (`agent_id`),
  ADD KEY `item_id` (`item_id`);

--
-- AUTO_INCREMENT for dumped tables
--

--
-- AUTO_INCREMENT for table `dispatch_first`
--
ALTER TABLE `dispatch_first`
  MODIFY `id` int(11) NOT NULL AUTO_INCREMENT, AUTO_INCREMENT=711;

--
-- AUTO_INCREMENT for table `dispatch_second`
--
ALTER TABLE `dispatch_second`
  MODIFY `id` int(11) NOT NULL AUTO_INCREMENT, AUTO_INCREMENT=364;

--
-- AUTO_INCREMENT for table `distribution_sheet`
--
ALTER TABLE `distribution_sheet`
  MODIFY `id` int(11) NOT NULL AUTO_INCREMENT, AUTO_INCREMENT=7;

--
-- AUTO_INCREMENT for table `factory_receiving`
--
ALTER TABLE `factory_receiving`
  MODIFY `id` int(11) NOT NULL AUTO_INCREMENT;

--
-- AUTO_INCREMENT for table `favourite_items`
--
ALTER TABLE `favourite_items`
  MODIFY `id` int(11) NOT NULL AUTO_INCREMENT;

--
-- AUTO_INCREMENT for table `finish_good`
--
ALTER TABLE `finish_good`
  MODIFY `id` int(11) NOT NULL AUTO_INCREMENT, AUTO_INCREMENT=5;

--
-- AUTO_INCREMENT for table `items`
--
ALTER TABLE `items`
  MODIFY `id` int(11) NOT NULL AUTO_INCREMENT, AUTO_INCREMENT=199;

--
-- AUTO_INCREMENT for table `mc_settings`
--
ALTER TABLE `mc_settings`
  MODIFY `id` int(11) NOT NULL AUTO_INCREMENT, AUTO_INCREMENT=17;

--
-- AUTO_INCREMENT for table `replace_finish`
--
ALTER TABLE `replace_finish`
  MODIFY `id` int(11) NOT NULL AUTO_INCREMENT;

--
-- AUTO_INCREMENT for table `replace_first`
--
ALTER TABLE `replace_first`
  MODIFY `id` int(11) NOT NULL AUTO_INCREMENT, AUTO_INCREMENT=27;

--
-- AUTO_INCREMENT for table `replace_second`
--
ALTER TABLE `replace_second`
  MODIFY `id` int(11) NOT NULL AUTO_INCREMENT, AUTO_INCREMENT=7;

--
-- AUTO_INCREMENT for table `salesmen`
--
ALTER TABLE `salesmen`
  MODIFY `id` int(11) NOT NULL AUTO_INCREMENT, AUTO_INCREMENT=16;

--
-- AUTO_INCREMENT for table `users`
--
ALTER TABLE `users`
  MODIFY `id` int(11) NOT NULL AUTO_INCREMENT, AUTO_INCREMENT=34;

--
-- AUTO_INCREMENT for table `warehouse_demand`
--
ALTER TABLE `warehouse_demand`
  MODIFY `id` int(11) NOT NULL AUTO_INCREMENT;

--
-- Constraints for dumped tables
--

--
-- Constraints for table `dispatch_first`
--
ALTER TABLE `dispatch_first`
  ADD CONSTRAINT `dispatch_first_ibfk_1` FOREIGN KEY (`agent_id`) REFERENCES `users` (`id`),
  ADD CONSTRAINT `dispatch_first_ibfk_2` FOREIGN KEY (`item_id`) REFERENCES `items` (`id`);

--
-- Constraints for table `dispatch_second`
--
ALTER TABLE `dispatch_second`
  ADD CONSTRAINT `dispatch_second_ibfk_1` FOREIGN KEY (`agent_id`) REFERENCES `users` (`id`),
  ADD CONSTRAINT `dispatch_second_ibfk_2` FOREIGN KEY (`item_id`) REFERENCES `items` (`id`);

--
-- Constraints for table `distribution_sheet`
--
ALTER TABLE `distribution_sheet`
  ADD CONSTRAINT `distribution_sheet_ibfk_1` FOREIGN KEY (`agent_id`) REFERENCES `users` (`id`);

--
-- Constraints for table `factory_receiving`
--
ALTER TABLE `factory_receiving`
  ADD CONSTRAINT `factory_receiving_ibfk_1` FOREIGN KEY (`agent_id`) REFERENCES `users` (`id`),
  ADD CONSTRAINT `factory_receiving_ibfk_2` FOREIGN KEY (`item_id`) REFERENCES `items` (`id`);

--
-- Constraints for table `favourite_items`
--
ALTER TABLE `favourite_items`
  ADD CONSTRAINT `favourite_items_ibfk_1` FOREIGN KEY (`user_id`) REFERENCES `users` (`id`),
  ADD CONSTRAINT `favourite_items_ibfk_2` FOREIGN KEY (`item_id`) REFERENCES `items` (`id`);

--
-- Constraints for table `finish_good`
--
ALTER TABLE `finish_good`
  ADD CONSTRAINT `finish_good_ibfk_1` FOREIGN KEY (`agent_id`) REFERENCES `users` (`id`),
  ADD CONSTRAINT `finish_good_ibfk_2` FOREIGN KEY (`item_id`) REFERENCES `items` (`id`);

--
-- Constraints for table `replace_finish`
--
ALTER TABLE `replace_finish`
  ADD CONSTRAINT `replace_finish_ibfk_1` FOREIGN KEY (`agent_id`) REFERENCES `users` (`id`),
  ADD CONSTRAINT `replace_finish_ibfk_2` FOREIGN KEY (`item_id`) REFERENCES `items` (`id`);

--
-- Constraints for table `replace_first`
--
ALTER TABLE `replace_first`
  ADD CONSTRAINT `replace_first_ibfk_1` FOREIGN KEY (`agent_id`) REFERENCES `users` (`id`),
  ADD CONSTRAINT `replace_first_ibfk_2` FOREIGN KEY (`item_id`) REFERENCES `items` (`id`);

--
-- Constraints for table `replace_second`
--
ALTER TABLE `replace_second`
  ADD CONSTRAINT `replace_second_ibfk_1` FOREIGN KEY (`agent_id`) REFERENCES `users` (`id`),
  ADD CONSTRAINT `replace_second_ibfk_2` FOREIGN KEY (`item_id`) REFERENCES `items` (`id`);

--
-- Constraints for table `warehouse_demand`
--
ALTER TABLE `warehouse_demand`
  ADD CONSTRAINT `warehouse_demand_ibfk_1` FOREIGN KEY (`agent_id`) REFERENCES `users` (`id`),
  ADD CONSTRAINT `warehouse_demand_ibfk_2` FOREIGN KEY (`item_id`) REFERENCES `items` (`id`);
COMMIT;

/*!40101 SET CHARACTER_SET_CLIENT=@OLD_CHARACTER_SET_CLIENT */;
/*!40101 SET CHARACTER_SET_RESULTS=@OLD_CHARACTER_SET_RESULTS */;
/*!40101 SET COLLATION_CONNECTION=@OLD_COLLATION_CONNECTION */;
